card_id,employee_id,customer_id,purchase_date,purchase_time,purchase_location_id
1,73,3638,2017-01-11,13:18:00.0000000,4
2,184,2066,2016-05-13,12:16:00.0000000,2
3,1,3826,2016-01-01,11:18:00.0000000,4
4,141,3032,2016-01-02,13:22:00.0000000,4
5,108,3180,2017-06-24,16:26:00.0000000,4
6,151,4572,2016-01-01,13:23:00.0000000,3
7,106,4991,2017-08-25,11:18:00.0000000,4
8,97,4236,2016-05-03,06:05:00.0000000,2
9,153,1630,2016-01-03,17:30:00.0000000,3
10,199,221,2017-08-13,09:14:00.0000000,2
11,91,2213,2016-11-06,10:12:00.0000000,3
12,128,3182,2017-10-06,14:23:00.0000000,4
14,149,4353,2016-01-02,15:27:00.0000000,4
15,46,1734,2017-12-14,05:00:00.0000000,2
16,158,1448,2016-05-03,05:00:00.0000000,1
17,90,2772,2016-01-01,11:16:00.0000000,3
18,83,2336,2016-01-03,19:35:00.0000000,4
19,58,1797,2016-04-01,08:09:00.0000000,1
20,17,3261,2017-01-19,07:08:00.0000000,1
21,72,4491,2017-12-26,10:17:00.0000000,3
22,10,4968,2016-09-03,06:03:00.0000000,4
23,95,1170,2017-07-27,14:23:00.0000000,1
24,8,671,2016-06-07,09:09:00.0000000,3
25,156,3630,2017-04-02,13:20:00.0000000,2
26,150,34,2016-01-04,15:26:00.0000000,3
27,166,3331,2016-07-15,13:18:00.0000000,2
28,113,3318,2016-01-02,13:20:00.0000000,1
29,106,3224,2016-06-14,05:01:00.0000000,4
30,150,433,2016-03-03,10:15:00.0000000,4
31,70,2006,2017-03-25,13:16:00.0000000,2
32,46,2045,2017-06-30,10:17:00.0000000,3
33,3,843,2016-01-30,06:03:00.0000000,1
34,44,361,2016-01-01,08:07:00.0000000,1
35,72,511,2016-01-02,09:10:00.0000000,4
36,136,3873,2016-04-23,07:04:00.0000000,4
37,98,2310,2016-07-11,05:02:00.0000000,3
38,98,142,2016-02-11,05:00:00.0000000,2
39,162,4410,2016-09-08,08:07:00.0000000,3
40,39,2897,2016-01-03,17:28:00.0000000,3
42,174,599,2016-03-02,10:14:00.0000000,2
43,153,3110,2016-01-04,17:31:00.0000000,2
44,195,3144,2017-07-26,10:17:00.0000000,3
45,106,4415,2016-01-14,08:07:00.0000000,1
46,17,1484,2016-11-08,06:04:00.0000000,1
47,175,345,2016-07-21,11:14:00.0000000,4
48,164,494,2016-05-29,07:04:00.0000000,2
49,39,2577,2016-01-04,13:18:00.0000000,4
50,94,2331,2016-01-06,08:07:00.0000000,3
51,102,1912,2016-01-14,05:02:00.0000000,2
52,112,3974,2017-02-17,07:04:00.0000000,4
53,85,4120,2016-01-02,10:11:00.0000000,2
54,4,1013,2017-12-11,11:12:00.0000000,2
55,21,4865,2016-01-01,09:10:00.0000000,3
56,75,3815,2016-08-09,07:06:00.0000000,3
57,33,4369,2016-09-27,06:03:00.0000000,2
58,12,2570,2016-06-19,11:13:00.0000000,1
59,139,225,2016-06-28,09:09:00.0000000,3
60,125,4554,2016-04-01,14:24:00.0000000,4
61,169,2169,2016-09-06,11:16:00.0000000,1
62,47,1614,2017-11-05,14:24:00.0000000,3
63,129,553,2017-07-17,08:11:00.0000000,2
64,167,3299,2016-04-30,13:16:00.0000000,2
65,23,236,2017-07-18,14:23:00.0000000,2
66,106,2490,2016-01-03,14:19:00.0000000,1
67,148,1024,2016-01-05,11:18:00.0000000,2
68,123,1095,2017-03-16,05:00:00.0000000,1
69,162,1906,2017-10-31,13:16:00.0000000,1
70,124,2363,2016-03-03,14:22:00.0000000,2
71,148,206,2016-01-04,15:24:00.0000000,4
72,136,289,2017-12-18,10:17:00.0000000,4
73,102,3262,2016-05-11,05:00:00.0000000,2
74,13,663,2017-05-28,16:25:00.0000000,2
75,158,4842,2017-05-23,08:09:00.0000000,3
76,143,1851,2016-06-09,07:05:00.0000000,4
77,110,4031,2017-05-19,12:17:00.0000000,3
78,25,4968,2016-01-02,11:14:00.0000000,2
79,13,2667,2016-02-17,08:09:00.0000000,1
80,76,2182,2017-02-14,11:14:00.0000000,2
81,159,4494,2016-11-13,06:05:00.0000000,2
82,24,1662,2017-07-22,16:27:00.0000000,2
83,46,3085,2017-03-06,09:11:00.0000000,3
84,189,278,2016-01-01,08:08:00.0000000,3
85,128,4409,2016-01-03,15:22:00.0000000,2
86,24,3251,2016-01-04,06:03:00.0000000,3
87,169,3987,2016-08-07,07:06:00.0000000,1
88,170,2316,2016-05-21,07:04:00.0000000,2
89,107,750,2016-02-12,13:18:00.0000000,4
90,162,1992,2016-09-09,06:03:00.0000000,3
91,137,1692,2017-02-24,15:23:00.0000000,4
92,79,1025,2016-03-13,09:13:00.0000000,3
93,179,2014,2016-08-22,12:15:00.0000000,4
94,184,3587,2016-01-05,13:23:00.0000000,2
95,25,334,2016-01-04,12:15:00.0000000,4
96,14,4493,2016-10-24,07:08:00.0000000,4
98,187,2430,2017-09-08,15:26:00.0000000,2
99,170,1570,2016-01-02,10:12:00.0000000,4
100,11,1452,2016-01-01,13:23:00.0000000,4
101,2,4902,2016-06-09,13:17:00.0000000,4
102,125,4338,2016-03-05,14:22:00.0000000,1
103,107,4213,2016-01-03,14:20:00.0000000,1
104,152,108,2016-01-05,11:16:00.0000000,3
105,137,2166,2016-01-09,12:15:00.0000000,3
106,183,4075,2016-10-15,08:08:00.0000000,1
107,174,426,2017-09-07,11:18:00.0000000,2
108,10,4911,2016-11-28,13:16:00.0000000,1
109,160,720,2016-08-02,09:10:00.0000000,3
110,9,3778,2016-12-13,06:05:00.0000000,3
111,177,1710,2016-12-01,12:17:00.0000000,2
112,98,3811,2017-05-19,14:21:00.0000000,1
114,81,3420,2016-01-04,13:18:00.0000000,2
115,1,3175,2016-07-07,05:01:00.0000000,4
116,45,294,2016-12-10,10:13:00.0000000,1
117,151,1505,2016-09-08,14:19:00.0000000,4
118,74,1959,2016-05-06,09:12:00.0000000,4
119,156,1546,2017-08-01,08:11:00.0000000,3
120,94,1097,2017-12-21,16:29:00.0000000,1
121,148,3913,2016-01-02,15:27:00.0000000,1
122,36,776,2016-01-01,11:18:00.0000000,4
123,186,4469,2016-01-03,19:35:00.0000000,2
124,146,2739,2017-12-06,12:21:00.0000000,2
125,38,413,2017-02-27,07:07:00.0000000,2
126,145,600,2017-01-28,13:18:00.0000000,4
127,147,1329,2016-08-17,05:02:00.0000000,1
128,22,1492,2016-12-19,09:08:00.0000000,3
129,86,2381,2016-02-25,09:10:00.0000000,1
130,90,1100,2016-01-05,08:08:00.0000000,2
131,32,2566,2016-10-31,10:12:00.0000000,3
132,132,2770,2016-10-24,12:16:00.0000000,2
133,76,1012,2017-03-15,07:07:00.0000000,1
134,49,97,2016-09-25,08:07:00.0000000,2
135,174,1058,2016-06-07,10:11:00.0000000,3
136,195,4598,2016-12-06,09:13:00.0000000,4
137,175,3125,2017-03-10,09:11:00.0000000,2
138,29,2220,2016-01-06,13:22:00.0000000,3
139,68,2932,2017-12-18,14:25:00.0000000,2
140,195,1834,2016-01-04,12:16:00.0000000,4
141,163,4699,2016-06-12,05:01:00.0000000,2
142,24,1636,2016-01-22,10:11:00.0000000,2
143,191,3264,2016-01-02,13:22:00.0000000,1
144,133,4949,2017-06-09,08:09:00.0000000,1
145,69,738,2016-01-01,11:18:00.0000000,1
146,188,4500,2016-07-04,07:05:00.0000000,2
147,114,3947,2016-02-23,07:06:00.0000000,3
148,162,4088,2017-08-02,16:27:00.0000000,2
149,167,1550,2017-11-06,14:24:00.0000000,4
150,130,4585,2017-10-02,18:31:00.0000000,3
151,63,2191,2016-01-03,18:31:00.0000000,4
152,92,2392,2017-07-02,08:10:00.0000000,4
153,45,559,2017-12-02,16:29:00.0000000,1
154,45,4907,2016-03-31,19:34:00.0000000,1
155,101,3148,2017-03-04,07:07:00.0000000,3
156,13,2781,2016-01-21,06:03:00.0000000,4
157,110,2193,2016-01-05,09:10:00.0000000,2
158,123,2165,2017-05-24,10:13:00.0000000,1
159,13,2581,2016-06-10,05:01:00.0000000,4
160,156,3192,2016-05-04,09:08:00.0000000,2
161,33,1068,2017-11-17,18:32:00.0000000,2
162,84,4780,2016-05-31,07:05:00.0000000,1
163,36,1361,2017-01-23,05:00:00.0000000,4
164,104,2911,2017-02-08,11:14:00.0000000,2
165,83,43,2016-06-24,05:01:00.0000000,3
166,54,1475,2016-01-06,15:27:00.0000000,2
167,160,1686,2016-09-30,10:11:00.0000000,4
168,36,2206,2016-11-20,06:05:00.0000000,1
169,71,3998,2016-12-22,13:16:00.0000000,3
170,161,1877,2016-08-31,08:07:00.0000000,4
171,72,4783,2016-09-01,06:03:00.0000000,4
173,118,1180,2016-11-04,06:04:00.0000000,3
174,182,4688,2016-04-03,15:26:00.0000000,4
175,17,3651,2016-03-06,16:26:00.0000000,4
176,150,136,2017-10-30,18:32:00.0000000,4
177,163,3531,2016-01-04,17:31:00.0000000,4
178,143,3374,2016-01-02,13:22:00.0000000,4
179,114,4102,2016-02-17,07:08:00.0000000,3
180,141,2510,2016-06-07,05:01:00.0000000,4
181,154,3613,2016-10-02,07:05:00.0000000,3
183,80,4884,2016-06-12,09:09:00.0000000,3
184,143,4357,2016-01-01,10:13:00.0000000,3
185,153,2529,2016-12-08,08:09:00.0000000,1
186,6,1628,2017-11-12,05:00:00.0000000,3
187,114,1573,2017-10-02,14:23:00.0000000,2
188,58,3143,2017-06-18,05:01:00.0000000,2
189,104,321,2017-08-02,14:23:00.0000000,1
190,109,2954,2016-09-27,10:11:00.0000000,3
191,85,767,2016-01-03,17:30:00.0000000,2
192,102,1364,2017-04-15,10:15:00.0000000,1
193,54,671,2016-04-28,06:05:00.0000000,3
194,59,3645,2016-01-05,08:08:00.0000000,2
195,116,24,2017-03-02,07:07:00.0000000,3
196,28,800,2017-02-10,07:06:00.0000000,3
197,68,4518,2016-02-07,15:22:00.0000000,4
198,111,3263,2016-01-06,13:20:00.0000000,3
199,37,1801,2017-11-22,12:20:00.0000000,3
200,122,236,2016-01-04,16:27:00.0000000,3
201,35,2872,2017-05-02,15:24:00.0000000,2
202,12,1788,2017-05-04,07:08:00.0000000,3
203,147,2927,2017-02-14,13:18:00.0000000,3
204,189,2782,2016-12-04,06:05:00.0000000,4
205,108,3559,2016-01-02,12:17:00.0000000,2
206,190,1627,2016-01-01,08:07:00.0000000,3
207,184,2868,2016-03-18,11:17:00.0000000,1
208,86,2900,2017-06-25,14:22:00.0000000,4
209,154,3814,2016-02-24,09:08:00.0000000,4
210,187,31,2017-01-06,09:10:00.0000000,3
211,33,4925,2016-03-08,06:04:00.0000000,3
212,28,1866,2016-12-02,10:13:00.0000000,2
213,73,1579,2016-01-03,16:25:00.0000000,3
214,128,2292,2016-06-22,05:01:00.0000000,3
215,133,2301,2016-09-29,10:11:00.0000000,1
216,186,940,2016-02-13,13:18:00.0000000,1
217,78,3574,2016-12-23,12:17:00.0000000,4
218,135,3202,2016-04-29,11:15:00.0000000,4
219,107,4676,2017-05-11,08:09:00.0000000,3
220,192,1021,2016-01-31,06:03:00.0000000,4
221,95,4942,2016-04-17,13:16:00.0000000,4
223,23,1931,2016-03-03,12:18:00.0000000,4
224,182,2729,2016-02-26,16:26:00.0000000,1
225,76,1306,2016-01-05,13:23:00.0000000,4
226,70,759,2017-02-25,09:11:00.0000000,3
227,197,4535,2016-08-19,11:14:00.0000000,2
228,20,4524,2017-01-21,07:07:00.0000000,2
229,65,755,2016-05-15,07:05:00.0000000,2
230,58,2661,2016-06-16,09:09:00.0000000,2
231,172,4075,2016-01-06,10:12:00.0000000,2
232,103,109,2016-12-20,07:04:00.0000000,3
233,14,3893,2016-06-19,07:04:00.0000000,1
234,161,3222,2016-03-23,14:23:00.0000000,2
235,197,2342,2017-03-09,13:19:00.0000000,3
236,42,2964,2017-11-24,10:16:00.0000000,1
237,47,4696,2017-03-26,10:17:00.0000000,2
238,84,1249,2017-04-04,09:08:00.0000000,3
239,52,657,2017-06-01,12:17:00.0000000,3
240,3,2413,2016-06-16,13:17:00.0000000,4
241,94,1848,2016-01-04,15:26:00.0000000,4
242,48,2027,2016-02-07,08:09:00.0000000,2
243,90,1583,2017-12-16,10:17:00.0000000,4
244,181,2731,2017-03-11,07:07:00.0000000,1
245,24,2828,2016-04-10,11:19:00.0000000,2
246,104,4755,2016-01-29,06:03:00.0000000,3
247,33,395,2017-08-05,15:25:00.0000000,3
248,12,2227,2017-09-06,13:22:00.0000000,2
249,113,1652,2017-06-23,14:22:00.0000000,1
250,95,966,2016-09-15,06:03:00.0000000,3
251,67,4267,2016-01-02,10:11:00.0000000,2
252,90,333,2016-01-11,10:11:00.0000000,3
253,127,3361,2017-08-27,10:17:00.0000000,2
254,5,875,2017-11-20,14:24:00.0000000,2
255,150,408,2017-01-21,07:06:00.0000000,4
256,117,4108,2016-06-12,13:17:00.0000000,2
257,126,32,2017-11-19,09:09:00.0000000,1
258,91,423,2016-01-01,12:20:00.0000000,4
259,34,3377,2016-01-06,06:03:00.0000000,2
260,67,2284,2016-05-01,07:04:00.0000000,4
261,167,1878,2016-02-20,07:08:00.0000000,1
262,126,4934,2016-01-03,14:19:00.0000000,4
263,198,1320,2016-02-23,15:24:00.0000000,2
265,105,1222,2017-11-08,16:28:00.0000000,2
266,27,164,2017-07-07,08:10:00.0000000,2
267,92,4307,2016-08-18,09:10:00.0000000,3
268,120,3783,2016-01-05,12:19:00.0000000,2
269,70,1486,2016-01-06,11:14:00.0000000,2
270,126,4855,2017-09-20,10:15:00.0000000,3
271,193,214,2016-10-31,06:04:00.0000000,3
272,91,3711,2016-01-04,14:21:00.0000000,3
273,139,2748,2017-07-10,10:14:00.0000000,1
274,74,724,2017-09-01,09:14:00.0000000,2
275,42,2877,2017-05-24,09:14:00.0000000,2
276,198,2965,2016-11-22,10:13:00.0000000,4
277,107,4885,2017-01-02,09:08:00.0000000,2
278,26,3769,2016-01-02,14:24:00.0000000,1
279,173,3297,2016-01-01,10:15:00.0000000,2
280,3,1525,2016-10-08,08:08:00.0000000,1
281,89,596,2016-07-28,07:06:00.0000000,4
282,97,1353,2016-01-03,18:32:00.0000000,1
283,179,4021,2016-01-05,11:18:00.0000000,4
284,136,4672,2017-04-02,09:12:00.0000000,2
285,149,4986,2017-02-17,11:15:00.0000000,4
286,22,586,2017-11-05,10:16:00.0000000,1
287,31,262,2016-09-18,06:03:00.0000000,4
288,93,591,2016-01-06,10:12:00.0000000,3
289,126,3538,2016-04-09,07:04:00.0000000,3
290,197,1678,2016-08-12,09:10:00.0000000,4
291,136,3974,2016-01-19,05:02:00.0000000,1
292,163,3405,2017-09-01,10:16:00.0000000,2
293,180,4925,2017-11-02,11:18:00.0000000,2
294,17,3313,2017-11-11,14:24:00.0000000,1
295,176,3654,2017-10-15,10:15:00.0000000,4
296,188,4155,2016-09-24,11:18:00.0000000,1
297,90,690,2016-06-04,11:13:00.0000000,2
298,85,1731,2016-09-28,10:11:00.0000000,2
299,107,1555,2017-03-01,11:15:00.0000000,2
300,109,4037,2016-01-04,12:15:00.0000000,1
301,73,951,2016-01-07,17:30:00.0000000,3
302,28,286,2016-01-02,12:19:00.0000000,3
303,27,3326,2016-12-25,14:21:00.0000000,4
304,85,1279,2016-01-01,10:13:00.0000000,2
306,119,862,2017-02-22,07:07:00.0000000,2
307,50,4309,2016-01-03,16:27:00.0000000,2
308,103,4807,2017-08-29,09:14:00.0000000,2
309,54,2369,2016-01-05,10:13:00.0000000,1
310,94,4307,2016-01-06,15:27:00.0000000,4
311,145,1411,2017-10-25,12:20:00.0000000,3
312,86,1547,2016-02-17,09:12:00.0000000,2
313,18,4503,2016-01-04,16:28:00.0000000,3
314,7,12,2016-09-10,08:07:00.0000000,3
315,68,2288,2016-01-07,19:35:00.0000000,1
318,35,2561,2016-01-26,12:15:00.0000000,2
319,193,4203,2016-08-19,13:18:00.0000000,4
320,132,4643,2016-01-02,12:17:00.0000000,1
321,55,3842,2016-01-01,13:22:00.0000000,3
322,85,3360,2016-06-26,09:09:00.0000000,4
323,119,1343,2016-01-03,16:25:00.0000000,1
324,34,2769,2016-04-20,09:09:00.0000000,1
325,157,1125,2016-10-02,14:19:00.0000000,4
326,111,121,2016-06-29,09:14:00.0000000,2
327,116,4702,2017-12-26,09:08:00.0000000,4
328,138,3490,2016-08-14,07:06:00.0000000,1
329,161,89,2016-01-05,08:07:00.0000000,3
330,104,506,2017-04-11,09:12:00.0000000,3
331,168,1714,2016-08-24,10:12:00.0000000,1
332,161,3383,2016-03-28,16:29:00.0000000,4
333,26,777,2017-06-07,08:09:00.0000000,3
334,32,3896,2016-01-04,06:04:00.0000000,4
335,78,1092,2017-01-31,07:06:00.0000000,3
336,19,4418,2016-09-08,10:11:00.0000000,4
337,158,654,2016-05-15,07:04:00.0000000,2
338,38,851,2017-03-29,07:07:00.0000000,1
339,199,4816,2017-06-15,08:10:00.0000000,2
340,153,497,2016-02-10,15:22:00.0000000,4
341,87,349,2016-01-06,14:23:00.0000000,4
342,169,1450,2016-01-04,14:23:00.0000000,1
343,195,1654,2016-01-07,17:28:00.0000000,3
344,68,1494,2016-06-09,11:13:00.0000000,2
345,86,4064,2016-01-02,15:26:00.0000000,3
346,153,3239,2016-01-01,10:13:00.0000000,4
347,56,4476,2016-04-12,08:11:00.0000000,1
348,101,4826,2016-07-16,07:06:00.0000000,4
349,102,4597,2016-12-08,08:09:00.0000000,1
350,15,1308,2016-11-13,14:20:00.0000000,2
351,182,2345,2016-01-03,19:34:00.0000000,3
352,168,84,2017-12-03,16:29:00.0000000,4
353,38,1044,2017-04-19,07:08:00.0000000,2
354,148,3227,2016-03-09,11:17:00.0000000,2
355,149,922,2017-12-24,16:29:00.0000000,3
356,195,801,2016-01-05,12:20:00.0000000,2
357,23,3320,2016-08-11,13:18:00.0000000,2
358,116,4128,2017-12-05,10:17:00.0000000,4
359,199,2892,2016-01-10,06:03:00.0000000,2
360,38,2670,2016-09-25,08:10:00.0000000,4
361,43,2084,2017-04-30,15:24:00.0000000,4
362,168,1863,2016-05-20,11:14:00.0000000,3
364,11,350,2016-07-15,11:14:00.0000000,3
365,90,1194,2016-01-06,13:22:00.0000000,4
366,12,1115,2017-03-04,07:07:00.0000000,1
367,82,3322,2016-01-04,14:21:00.0000000,3
368,157,2693,2016-01-07,14:20:00.0000000,3
369,120,1600,2017-05-03,15:24:00.0000000,4
370,71,3395,2016-01-02,12:18:00.0000000,2
371,51,2864,2016-01-01,10:13:00.0000000,1
372,29,4766,2016-01-28,07:08:00.0000000,1
373,132,3545,2016-01-03,16:26:00.0000000,4
374,8,1326,2016-02-20,11:18:00.0000000,1
375,147,2310,2017-11-19,16:28:00.0000000,4
376,41,2655,2017-04-22,09:12:00.0000000,4
377,15,172,2016-01-05,10:15:00.0000000,3
378,44,2649,2016-08-25,14:19:00.0000000,2
379,82,2169,2016-01-06,12:17:00.0000000,2
380,17,1343,2016-04-15,10:11:00.0000000,3
381,129,4409,2016-11-19,12:17:00.0000000,2
382,133,3814,2016-01-22,07:06:00.0000000,4
384,135,328,2017-01-11,15:22:00.0000000,4
385,52,3704,2016-01-04,17:30:00.0000000,3
386,128,1360,2016-02-22,11:16:00.0000000,2
387,113,4662,2016-01-07,15:22:00.0000000,4
388,75,4180,2016-01-02,12:17:00.0000000,3
389,105,3584,2016-01-01,07:06:00.0000000,2
390,155,1506,2017-08-15,14:25:00.0000000,2
391,199,913,2016-07-07,07:06:00.0000000,3
392,100,4439,2016-11-11,14:20:00.0000000,1
393,150,4880,2017-06-02,10:13:00.0000000,1
394,138,1865,2017-11-04,18:32:00.0000000,1
395,196,4152,2016-01-09,08:07:00.0000000,4
396,197,2476,2016-08-27,08:07:00.0000000,3
397,163,4543,2017-06-28,16:26:00.0000000,4
398,14,2471,2016-08-22,08:11:00.0000000,3
399,20,4759,2016-09-08,06:03:00.0000000,3
400,153,380,2016-01-01,08:07:00.0000000,3
401,161,4690,2017-08-08,11:17:00.0000000,2
402,196,1941,2016-08-22,08:09:00.0000000,3
403,38,531,2016-04-26,09:11:00.0000000,1
404,139,1113,2016-07-23,09:10:00.0000000,2
405,20,205,2016-10-05,08:07:00.0000000,4
406,142,3832,2016-01-03,16:25:00.0000000,1
407,173,971,2016-03-10,13:21:00.0000000,3
408,156,2673,2016-04-09,11:19:00.0000000,4
409,49,1494,2016-12-29,13:22:00.0000000,1
410,145,2957,2016-01-05,10:13:00.0000000,1
411,171,4534,2016-01-06,10:11:00.0000000,1
412,76,2132,2017-04-25,15:24:00.0000000,4
413,123,3916,2016-03-21,12:19:00.0000000,4
414,158,342,2016-02-20,07:06:00.0000000,3
415,102,2819,2017-08-03,11:19:00.0000000,2
416,127,4967,2017-09-29,10:15:00.0000000,3
417,175,1131,2016-01-04,14:22:00.0000000,1
418,30,1097,2016-06-12,07:05:00.0000000,4
419,177,4710,2017-12-13,12:21:00.0000000,3
420,111,3058,2016-09-20,08:07:00.0000000,4
422,157,396,2016-01-07,14:20:00.0000000,3
423,10,2552,2016-02-23,13:20:00.0000000,3
424,112,4122,2016-08-04,05:02:00.0000000,3
425,79,2836,2017-10-31,16:28:00.0000000,3
426,184,2805,2016-01-02,10:11:00.0000000,4
427,147,903,2016-01-16,12:15:00.0000000,1
428,133,2820,2017-05-25,12:17:00.0000000,3
429,153,1071,2016-01-01,09:10:00.0000000,2
430,137,2982,2017-12-29,18:33:00.0000000,2
431,167,4785,2016-01-03,14:19:00.0000000,2
432,191,2450,2017-09-26,12:19:00.0000000,3
433,167,1638,2016-02-02,10:12:00.0000000,3
434,65,685,2017-12-31,18:33:00.0000000,4
435,153,2754,2016-01-05,13:22:00.0000000,4
436,10,2306,2016-01-06,14:24:00.0000000,1
437,53,1238,2016-12-31,08:09:00.0000000,4
439,149,1943,2017-07-27,12:20:00.0000000,1
440,56,718,2016-12-19,10:13:00.0000000,2
441,152,3488,2016-11-23,08:09:00.0000000,2
442,4,572,2016-01-04,14:21:00.0000000,3
443,181,334,2016-07-16,09:10:00.0000000,3
444,130,2855,2016-08-29,10:11:00.0000000,1
445,9,4901,2016-01-07,19:35:00.0000000,3
446,141,3170,2016-03-11,11:17:00.0000000,2
447,7,293,2017-06-03,08:09:00.0000000,2
448,44,1756,2017-01-24,13:18:00.0000000,4
450,119,4895,2017-01-04,13:18:00.0000000,1
451,25,2660,2016-02-05,12:17:00.0000000,3
452,196,316,2016-01-02,11:15:00.0000000,4
453,167,1026,2016-01-01,07:05:00.0000000,1
454,182,4303,2016-02-27,10:14:00.0000000,2
455,118,2870,2017-05-04,09:12:00.0000000,3
456,182,2853,2016-01-31,10:11:00.0000000,4
457,182,3843,2017-07-09,08:10:00.0000000,3
458,111,2681,2016-07-07,11:14:00.0000000,3
459,180,4457,2016-08-31,08:07:00.0000000,2
460,91,3435,2017-05-09,12:17:00.0000000,2
461,157,1967,2017-05-28,10:13:00.0000000,4
462,79,1193,2017-03-26,13:19:00.0000000,2
463,59,1049,2016-01-03,15:23:00.0000000,4
464,106,4114,2016-01-04,11:14:00.0000000,2
465,104,2065,2017-05-31,12:17:00.0000000,4
466,27,1408,2016-01-05,10:14:00.0000000,2
467,170,1361,2016-12-03,06:05:00.0000000,3
468,190,4851,2016-03-06,09:10:00.0000000,2
469,85,2878,2016-08-22,08:07:00.0000000,1
470,117,3298,2016-01-06,12:19:00.0000000,4
471,89,679,2016-06-08,05:01:00.0000000,2
472,43,401,2016-05-28,10:11:00.0000000,4
473,92,4510,2016-01-04,12:15:00.0000000,3
474,40,3139,2017-07-15,10:15:00.0000000,2
475,154,3957,2016-01-23,14:19:00.0000000,1
476,20,4954,2016-11-14,12:16:00.0000000,4
477,17,4752,2016-08-19,07:06:00.0000000,1
478,26,2335,2016-01-07,18:31:00.0000000,2
479,176,3116,2016-12-13,08:09:00.0000000,4
480,163,4728,2016-04-23,11:15:00.0000000,4
481,145,2559,2017-12-25,12:21:00.0000000,1
482,60,4123,2016-01-02,09:09:00.0000000,1
483,19,2601,2017-12-28,18:33:00.0000000,1
484,107,3857,2016-01-07,08:07:00.0000000,2
485,164,2613,2016-02-15,15:24:00.0000000,1
486,130,3078,2016-04-12,11:12:00.0000000,1
487,168,3805,2016-01-01,07:05:00.0000000,2
488,121,4986,2016-03-21,18:31:00.0000000,2
489,119,3186,2016-04-29,10:17:00.0000000,3
490,23,86,2017-09-26,14:23:00.0000000,3
491,86,4444,2017-05-20,10:13:00.0000000,4
492,155,1515,2016-01-03,13:17:00.0000000,4
494,25,183,2016-01-05,10:13:00.0000000,3
495,134,1554,2016-12-07,10:13:00.0000000,4
496,92,667,2016-09-26,08:07:00.0000000,2
497,10,4377,2016-01-06,12:17:00.0000000,1
498,73,230,2016-01-04,13:19:00.0000000,4
499,144,3817,2016-06-22,07:06:00.0000000,3
500,99,3560,2016-01-07,17:30:00.0000000,3
501,94,1251,2016-04-23,12:15:00.0000000,4
502,6,1473,2016-02-03,06:05:00.0000000,4
503,174,405,2016-09-17,11:15:00.0000000,1
504,7,2220,2017-01-23,07:06:00.0000000,1
506,13,1840,2017-01-10,11:14:00.0000000,2
507,130,338,2016-10-24,06:04:00.0000000,2
508,176,1767,2017-10-17,12:19:00.0000000,1
509,115,625,2016-01-02,09:09:00.0000000,4
510,123,3909,2016-01-01,12:20:00.0000000,3
511,85,4388,2017-10-20,12:20:00.0000000,2
512,174,1280,2016-03-13,11:17:00.0000000,4
513,185,766,2016-04-25,13:23:00.0000000,3
514,180,3905,2016-07-11,09:10:00.0000000,3
515,43,4195,2016-01-03,13:17:00.0000000,3
516,166,2999,2016-08-16,09:10:00.0000000,2
517,86,1333,2016-02-18,13:20:00.0000000,1
518,119,147,2017-03-14,09:11:00.0000000,1
519,118,226,2016-01-05,08:07:00.0000000,3
520,125,4324,2016-11-16,05:00:00.0000000,1
521,199,4445,2017-04-12,15:24:00.0000000,2
522,45,2561,2017-01-11,07:06:00.0000000,1
523,180,4463,2016-06-11,05:01:00.0000000,4
524,90,2963,2017-01-02,15:22:00.0000000,4
525,126,3649,2017-07-07,14:22:00.0000000,3
526,39,291,2016-09-10,12:15:00.0000000,4
527,150,2195,2016-09-04,10:11:00.0000000,2
528,119,1677,2016-09-03,14:19:00.0000000,3
529,79,3117,2017-06-29,08:10:00.0000000,1
530,179,4936,2016-01-06,15:26:00.0000000,2
531,7,3203,2017-08-25,09:14:00.0000000,2
532,186,180,2016-01-27,13:18:00.0000000,2
533,119,3890,2017-11-03,11:12:00.0000000,1
534,146,4639,2016-11-04,06:04:00.0000000,2
535,133,4879,2016-06-17,09:09:00.0000000,1
536,157,1162,2016-01-04,11:13:00.0000000,4
537,193,1233,2016-01-07,16:25:00.0000000,4
538,22,1620,2016-01-08,15:26:00.0000000,2
539,79,972,2016-01-02,14:24:00.0000000,3
540,136,1664,2016-01-01,09:10:00.0000000,1
541,134,4178,2016-01-03,18:32:00.0000000,1
542,86,4867,2016-04-02,13:16:00.0000000,4
543,43,3972,2016-01-01,07:07:00.0000000,4
544,77,2038,2016-04-10,11:15:00.0000000,4
545,90,3760,2016-01-05,09:11:00.0000000,3
546,36,4054,2016-01-06,12:18:00.0000000,2
547,168,406,2016-01-04,11:13:00.0000000,2
548,76,3487,2016-09-29,12:15:00.0000000,4
549,146,1885,2016-01-01,07:06:00.0000000,1
550,90,646,2016-01-07,14:19:00.0000000,3
551,61,739,2016-06-05,05:01:00.0000000,3
552,103,432,2017-11-11,10:16:00.0000000,1
553,168,398,2017-07-31,14:23:00.0000000,1
554,172,4765,2017-04-27,09:12:00.0000000,3
555,42,3279,2017-09-24,12:20:00.0000000,1
556,79,1496,2016-01-08,17:31:00.0000000,4
557,151,4292,2016-01-02,11:14:00.0000000,3
558,141,4310,2016-01-01,07:04:00.0000000,3
559,127,414,2016-10-10,06:04:00.0000000,4
560,80,435,2016-01-03,15:22:00.0000000,2
561,108,3187,2017-11-26,11:12:00.0000000,3
562,21,3469,2016-09-23,08:07:00.0000000,1
563,11,1094,2017-06-08,14:21:00.0000000,1
564,138,3877,2017-09-01,17:30:00.0000000,1
565,176,3655,2017-02-05,07:06:00.0000000,1
566,3,2861,2016-01-04,10:11:00.0000000,3
567,85,4746,2016-02-12,09:10:00.0000000,4
568,82,1239,2016-03-20,06:05:00.0000000,3
569,143,403,2016-07-28,13:18:00.0000000,2
570,29,1320,2016-01-05,07:05:00.0000000,3
571,124,1837,2016-06-17,11:13:00.0000000,1
572,95,4952,2017-07-24,08:11:00.0000000,2
573,101,4229,2016-05-31,11:13:00.0000000,4
574,115,1621,2016-08-15,07:06:00.0000000,1
575,42,1926,2016-11-12,06:04:00.0000000,3
578,49,2984,2017-03-11,07:07:00.0000000,1
579,41,2058,2017-09-19,18:31:00.0000000,4
580,114,1402,2017-11-06,13:22:00.0000000,2
581,75,4435,2016-04-23,11:19:00.0000000,2
582,97,2992,2016-01-06,12:17:00.0000000,1
583,150,1405,2016-08-28,10:11:00.0000000,2
584,143,4610,2016-01-04,16:28:00.0000000,1
585,33,1606,2016-03-22,10:15:00.0000000,3
586,102,4356,2016-09-29,08:07:00.0000000,2
587,149,3656,2016-01-07,18:32:00.0000000,4
588,56,4840,2016-02-23,14:24:00.0000000,4
589,100,1410,2016-01-08,15:24:00.0000000,2
590,184,1034,2016-10-30,10:12:00.0000000,3
591,59,4723,2016-12-09,11:18:00.0000000,2
592,136,3690,2016-01-09,06:03:00.0000000,3
593,65,549,2017-03-29,15:23:00.0000000,1
594,56,3125,2016-01-02,09:08:00.0000000,2
595,59,407,2016-02-20,11:15:00.0000000,3
596,162,2664,2016-01-01,10:14:00.0000000,2
597,171,3217,2016-07-18,06:04:00.0000000,2
598,57,323,2016-03-21,10:11:00.0000000,2
599,18,4584,2017-03-06,15:23:00.0000000,1
600,108,593,2016-03-19,08:10:00.0000000,3
601,40,3557,2017-01-16,07:06:00.0000000,3
602,51,2325,2016-01-24,06:03:00.0000000,3
603,30,4124,2016-11-18,12:17:00.0000000,1
604,84,798,2016-01-03,13:16:00.0000000,3
605,87,1238,2016-01-05,07:05:00.0000000,3
606,64,1284,2016-09-08,12:15:00.0000000,1
607,64,1216,2016-04-08,07:05:00.0000000,2
608,63,2303,2016-05-04,13:16:00.0000000,3
609,37,1811,2017-06-13,14:22:00.0000000,3
610,28,930,2017-10-11,14:23:00.0000000,3
612,179,4054,2016-01-06,10:11:00.0000000,2
613,189,511,2016-02-17,15:24:00.0000000,4
614,53,4345,2016-05-12,08:09:00.0000000,1
615,189,4829,2017-07-07,07:04:00.0000000,2
616,106,1491,2016-12-10,10:13:00.0000000,4
617,74,4324,2016-09-27,12:15:00.0000000,3
618,86,2168,2016-01-04,13:18:00.0000000,2
619,196,3853,2016-04-04,09:14:00.0000000,4
620,128,4856,2017-10-15,14:23:00.0000000,2
621,105,119,2016-10-11,06:04:00.0000000,1
622,191,880,2016-03-08,07:04:00.0000000,1
623,102,1306,2016-03-24,10:11:00.0000000,4
624,157,3009,2017-01-02,07:06:00.0000000,2
625,92,3501,2017-05-19,11:13:00.0000000,1
626,2,3262,2016-03-08,10:13:00.0000000,1
627,82,1919,2017-09-04,13:22:00.0000000,4
628,70,694,2017-01-24,15:22:00.0000000,3
629,92,3817,2016-01-07,16:27:00.0000000,2
630,46,4619,2016-10-20,08:08:00.0000000,1
631,22,4558,2016-04-05,13:22:00.0000000,2
632,67,837,2016-01-25,08:07:00.0000000,4
633,62,268,2017-10-25,18:32:00.0000000,2
634,17,4416,2016-04-23,10:15:00.0000000,3
635,172,4861,2016-03-27,17:31:00.0000000,3
636,168,2167,2016-09-27,14:19:00.0000000,3
637,118,3564,2016-03-07,11:14:00.0000000,2
638,104,1325,2016-06-05,07:05:00.0000000,1
639,103,4557,2016-02-25,10:14:00.0000000,3
640,93,1449,2016-01-08,12:16:00.0000000,2
641,35,4883,2016-06-11,11:13:00.0000000,4
642,140,3809,2016-01-02,12:18:00.0000000,3
644,56,505,2016-01-01,07:06:00.0000000,2
645,54,755,2016-07-20,07:06:00.0000000,4
646,61,2747,2016-04-23,07:04:00.0000000,4
647,173,4421,2016-04-18,11:19:00.0000000,1
648,108,122,2017-02-21,09:11:00.0000000,1
649,175,3430,2016-01-25,06:03:00.0000000,3
650,52,3832,2016-04-17,13:23:00.0000000,4
651,17,1674,2016-04-18,17:31:00.0000000,4
652,52,3487,2016-01-03,16:26:00.0000000,4
653,171,3879,2016-06-27,10:17:00.0000000,2
654,108,3322,2016-05-09,06:04:00.0000000,4
655,29,395,2016-08-25,12:15:00.0000000,1
656,139,322,2017-12-23,18:33:00.0000000,4
657,174,4597,2016-01-05,12:20:00.0000000,2
658,182,2484,2016-01-20,06:03:00.0000000,3
659,148,4478,2016-03-16,09:10:00.0000000,3
661,10,1596,2017-05-04,12:17:00.0000000,2
662,175,1372,2016-08-12,06:04:00.0000000,2
663,21,4282,2017-01-09,09:10:00.0000000,3
664,91,89,2017-03-26,07:07:00.0000000,2
665,136,2405,2016-08-09,08:08:00.0000000,2
666,156,2209,2016-01-06,11:15:00.0000000,2
667,109,411,2016-06-04,11:13:00.0000000,2
668,190,1519,2017-05-07,10:16:00.0000000,2
669,86,2215,2016-01-04,11:12:00.0000000,2
670,23,4936,2016-01-07,16:25:00.0000000,2
671,193,3994,2016-04-14,05:02:00.0000000,4
672,177,2872,2016-01-08,13:18:00.0000000,4
673,74,2415,2016-02-08,07:06:00.0000000,4
674,35,4115,2017-04-25,15:24:00.0000000,3
675,149,1765,2016-06-04,09:12:00.0000000,1
676,154,3790,2016-01-02,09:10:00.0000000,4
677,18,3541,2016-04-23,11:16:00.0000000,3
678,12,3787,2016-01-01,13:22:00.0000000,2
679,98,244,2016-06-24,13:17:00.0000000,3
681,63,2205,2016-02-26,05:00:00.0000000,3
682,190,4848,2016-07-11,08:07:00.0000000,4
683,197,2631,2016-06-09,09:09:00.0000000,4
684,66,562,2017-10-15,10:15:00.0000000,2
685,1,4510,2017-10-04,18:31:00.0000000,2
686,173,931,2016-01-03,13:18:00.0000000,1
687,28,501,2016-08-09,13:18:00.0000000,3
688,173,1960,2016-04-24,11:19:00.0000000,1
689,126,1741,2016-01-05,09:10:00.0000000,2
690,96,2182,2016-05-14,05:00:00.0000000,3
691,62,2419,2016-02-20,09:13:00.0000000,1
692,84,84,2016-10-07,09:11:00.0000000,2
693,67,836,2016-01-06,09:09:00.0000000,4
694,19,1158,2016-01-04,14:22:00.0000000,3
695,105,2100,2016-02-06,06:05:00.0000000,2
696,47,4164,2016-07-06,05:00:00.0000000,4
697,197,3945,2017-07-14,08:11:00.0000000,3
698,26,2354,2016-08-29,10:11:00.0000000,4
699,82,3699,2017-04-08,13:20:00.0000000,3
700,94,1593,2016-10-20,10:12:00.0000000,1
701,8,1452,2016-10-18,08:08:00.0000000,2
702,65,2970,2016-01-07,19:34:00.0000000,4
703,70,2669,2016-09-05,06:03:00.0000000,2
704,74,2908,2017-07-04,10:14:00.0000000,4
705,159,3813,2016-07-04,07:07:00.0000000,2
706,102,1521,2016-04-19,09:08:00.0000000,1
707,72,860,2016-01-08,12:16:00.0000000,1
708,117,2746,2016-07-16,07:06:00.0000000,2
709,37,4956,2016-01-02,15:26:00.0000000,4
710,148,1995,2016-01-26,10:11:00.0000000,1
711,99,1449,2016-04-07,08:08:00.0000000,4
712,27,414,2016-03-21,13:16:00.0000000,1
713,13,4721,2016-01-01,10:14:00.0000000,3
714,79,3794,2017-03-21,12:19:00.0000000,1
716,89,2812,2017-10-15,12:19:00.0000000,4
717,41,2109,2017-09-13,13:22:00.0000000,1
718,159,4685,2016-11-23,08:09:00.0000000,4
719,178,2860,2016-01-17,11:12:00.0000000,2
720,181,462,2016-04-07,15:22:00.0000000,2
722,173,895,2017-04-06,07:08:00.0000000,4
723,169,4423,2016-06-30,05:01:00.0000000,2
724,165,722,2017-02-03,09:11:00.0000000,3
725,56,2526,2017-10-16,14:23:00.0000000,1
726,47,2142,2017-11-29,16:29:00.0000000,1
727,49,1621,2016-01-16,12:15:00.0000000,4
728,43,871,2017-05-06,11:16:00.0000000,2
729,23,1663,2016-01-14,12:15:00.0000000,2
730,128,4012,2017-11-21,16:28:00.0000000,3
731,44,2801,2016-02-20,11:16:00.0000000,4
732,192,104,2017-03-23,13:19:00.0000000,3
733,198,3334,2016-01-03,19:34:00.0000000,4
734,176,4364,2016-06-19,12:15:00.0000000,4
735,147,4337,2017-11-17,14:24:00.0000000,4
736,197,3597,2016-01-05,07:04:00.0000000,1
737,191,2178,2016-11-05,12:16:00.0000000,2
738,85,3838,2016-03-20,06:04:00.0000000,4
744,98,2265,2016-01-06,09:09:00.0000000,3
745,171,745,2016-01-04,11:14:00.0000000,1
746,141,3400,2016-01-29,07:06:00.0000000,2
747,172,193,2017-05-08,09:12:00.0000000,3
748,129,1972,2016-11-11,07:05:00.0000000,2
749,42,803,2016-11-14,14:20:00.0000000,4
750,177,4540,2017-12-27,14:25:00.0000000,1
751,137,4940,2016-12-30,07:04:00.0000000,4
752,131,4814,2016-01-07,16:26:00.0000000,3
753,31,1066,2016-04-27,13:23:00.0000000,4
754,189,2827,2016-03-28,10:17:00.0000000,1
756,144,4420,2016-07-23,11:14:00.0000000,2
757,118,795,2016-01-08,17:31:00.0000000,3
758,196,1055,2017-08-28,15:26:00.0000000,2
759,132,1825,2016-01-27,10:15:00.0000000,2
760,118,1350,2016-06-10,07:05:00.0000000,3
761,174,3232,2017-08-30,11:18:00.0000000,1
762,123,3155,2017-05-29,08:09:00.0000000,3
763,12,529,2016-07-04,05:01:00.0000000,3
764,140,1324,2017-08-22,13:16:00.0000000,4
766,125,3353,2017-08-28,13:22:00.0000000,3
768,84,2882,2016-08-17,05:02:00.0000000,1
769,183,2814,2016-02-28,12:17:00.0000000,2
770,29,1026,2017-02-01,11:14:00.0000000,4
771,138,3475,2016-01-02,12:18:00.0000000,4
772,65,1213,2016-01-01,07:04:00.0000000,2
773,150,3758,2016-01-03,16:26:00.0000000,4
774,9,547,2017-11-06,12:20:00.0000000,2
775,5,4657,2016-01-30,10:15:00.0000000,4
777,182,1769,2016-09-23,08:09:00.0000000,3
778,23,2125,2016-04-04,19:34:00.0000000,2
779,169,87,2017-04-19,13:20:00.0000000,3
780,131,2494,2017-10-26,18:32:00.0000000,4
782,129,3694,2016-01-05,10:14:00.0000000,1
783,175,257,2016-01-06,14:24:00.0000000,3
784,142,1363,2016-01-04,17:31:00.0000000,4
785,79,4341,2016-01-07,16:25:00.0000000,2
786,121,1844,2016-03-08,14:25:00.0000000,4
787,32,2028,2016-06-08,07:05:00.0000000,3
788,108,340,2017-11-22,05:00:00.0000000,3
789,153,172,2016-01-22,08:10:00.0000000,4
790,141,910,2016-03-16,11:17:00.0000000,2
791,102,3145,2016-07-07,07:06:00.0000000,3
792,160,2179,2016-03-21,12:19:00.0000000,2
793,145,2637,2017-01-12,11:14:00.0000000,1
794,39,1409,2016-05-25,09:08:00.0000000,2
795,101,2825,2016-01-08,16:27:00.0000000,2
796,75,4486,2017-07-12,08:10:00.0000000,2
797,118,3229,2017-05-27,08:09:00.0000000,3
798,25,2797,2016-05-13,09:09:00.0000000,4
799,145,2470,2017-01-18,15:22:00.0000000,4
800,96,3095,2016-01-02,09:08:00.0000000,3
801,133,4288,2016-08-02,05:02:00.0000000,4
802,49,1590,2016-01-01,11:16:00.0000000,1
803,136,1562,2016-01-03,13:16:00.0000000,3
804,66,3097,2017-02-15,07:06:00.0000000,4
805,135,4998,2017-12-03,12:21:00.0000000,1
806,2,2091,2016-01-05,07:06:00.0000000,1
807,163,3181,2016-06-02,12:19:00.0000000,4
808,186,3176,2016-04-12,05:01:00.0000000,2
809,162,3444,2016-09-26,08:07:00.0000000,2
810,27,3443,2016-05-14,07:04:00.0000000,1
811,50,389,2016-01-06,11:14:00.0000000,3
812,196,1233,2016-05-26,09:08:00.0000000,1
813,115,4681,2017-12-30,16:29:00.0000000,4
814,142,2002,2017-01-14,10:17:00.0000000,4
815,96,4599,2017-10-23,18:32:00.0000000,1
816,115,3042,2016-06-26,05:01:00.0000000,2
817,64,4874,2016-03-25,12:19:00.0000000,3
818,43,4744,2016-02-03,06:04:00.0000000,4
819,42,4915,2016-09-28,10:11:00.0000000,4
820,116,2559,2016-03-19,11:19:00.0000000,2
821,104,165,2017-08-15,09:14:00.0000000,3
822,126,2023,2017-09-24,18:31:00.0000000,1
823,199,535,2016-09-24,10:11:00.0000000,2
824,102,4319,2017-05-06,07:08:00.0000000,3
825,22,2116,2016-06-03,07:05:00.0000000,4
826,170,4555,2017-07-24,14:23:00.0000000,3
827,127,3640,2017-07-03,12:18:00.0000000,4
829,89,2736,2017-05-19,08:11:00.0000000,4
830,15,4397,2016-01-04,14:22:00.0000000,3
831,46,2191,2016-02-10,13:18:00.0000000,4
832,61,3563,2016-01-07,14:19:00.0000000,2
833,162,217,2016-06-10,09:09:00.0000000,3
834,21,609,2016-03-20,11:19:00.0000000,2
835,178,688,2016-05-23,07:04:00.0000000,3
836,102,2800,2016-09-25,06:03:00.0000000,2
837,39,209,2016-03-07,09:13:00.0000000,3
838,11,4399,2016-08-06,09:12:00.0000000,2
839,160,4670,2016-03-13,05:01:00.0000000,3
840,3,3180,2016-03-24,12:19:00.0000000,3
841,4,1743,2016-01-08,15:26:00.0000000,4
842,128,3560,2017-11-22,07:04:00.0000000,4
843,79,3871,2017-10-18,14:23:00.0000000,4
844,111,965,2017-04-15,15:24:00.0000000,1
845,17,2976,2016-10-10,08:08:00.0000000,4
846,175,4612,2016-05-23,11:12:00.0000000,3
847,52,3537,2016-01-02,13:20:00.0000000,1
848,154,4635,2016-09-26,10:13:00.0000000,4
849,195,1132,2017-05-04,11:16:00.0000000,3
850,28,2985,2017-08-13,15:26:00.0000000,3
851,120,1156,2016-01-01,08:07:00.0000000,1
852,2,4740,2016-01-03,17:28:00.0000000,2
853,91,2948,2016-01-05,13:23:00.0000000,3
854,87,2736,2016-07-18,07:06:00.0000000,3
855,190,4027,2016-01-06,09:08:00.0000000,1
856,71,1297,2016-01-04,11:12:00.0000000,3
857,173,4639,2017-05-19,08:09:00.0000000,3
858,36,706,2016-01-18,08:07:00.0000000,3
859,186,1954,2016-08-12,07:06:00.0000000,3
860,147,2474,2016-06-21,09:09:00.0000000,3
861,29,3783,2016-10-17,11:18:00.0000000,1
862,148,2237,2016-01-07,15:23:00.0000000,4
864,107,4085,2016-04-05,10:17:00.0000000,1
865,77,1724,2016-11-01,08:08:00.0000000,3
866,126,2075,2017-02-03,13:18:00.0000000,1
867,16,579,2017-03-22,11:15:00.0000000,4
868,15,4967,2016-01-08,14:21:00.0000000,3
869,17,3102,2016-01-13,12:15:00.0000000,1
870,114,4322,2016-05-18,07:04:00.0000000,2
871,65,601,2016-02-24,08:10:00.0000000,2
872,158,4129,2016-01-02,10:11:00.0000000,4
873,53,3219,2016-04-11,14:22:00.0000000,2
874,158,2203,2017-04-30,07:08:00.0000000,2
875,17,3152,2016-07-29,11:14:00.0000000,4
876,155,930,2016-01-01,10:12:00.0000000,3
877,9,2954,2016-01-01,11:18:00.0000000,2
878,33,3087,2017-03-18,09:11:00.0000000,3
879,46,3361,2016-11-30,06:05:00.0000000,3
880,88,531,2016-01-03,14:19:00.0000000,3
881,29,2154,2016-01-05,10:14:00.0000000,1
882,100,3627,2016-02-05,08:09:00.0000000,4
883,105,1441,2017-03-08,09:11:00.0000000,3
885,166,2515,2017-04-02,15:24:00.0000000,3
886,45,3650,2017-06-23,12:18:00.0000000,2
887,162,4076,2017-01-15,15:22:00.0000000,4
888,146,4578,2016-03-20,18:31:00.0000000,2
889,83,4775,2017-10-03,16:27:00.0000000,3
890,4,455,2017-03-17,07:07:00.0000000,3
891,19,2826,2016-02-18,09:12:00.0000000,3
892,66,53,2017-05-22,16:25:00.0000000,1
893,173,1111,2016-01-06,12:18:00.0000000,3
894,9,1606,2017-06-20,12:18:00.0000000,2
895,20,2987,2016-01-04,15:24:00.0000000,3
896,89,2494,2016-01-07,13:17:00.0000000,3
897,191,867,2016-01-08,12:15:00.0000000,1
898,13,3748,2017-01-31,09:10:00.0000000,1
900,30,4740,2017-09-16,14:23:00.0000000,1
901,190,3277,2017-07-26,12:19:00.0000000,1
902,34,2969,2016-12-29,05:00:00.0000000,2
903,73,1598,2016-01-02,13:22:00.0000000,1
904,19,1731,2016-06-03,11:14:00.0000000,2
906,125,4742,2016-01-01,08:07:00.0000000,3
907,194,642,2016-10-24,06:04:00.0000000,1
908,107,2254,2016-05-19,13:16:00.0000000,4
909,44,2401,2017-10-09,16:27:00.0000000,4
910,97,1895,2016-01-03,17:30:00.0000000,3
911,137,406,2017-09-29,14:23:00.0000000,1
912,30,3600,2017-02-22,09:11:00.0000000,4
914,60,1609,2016-01-05,07:04:00.0000000,4
915,104,2656,2016-02-23,07:08:00.0000000,2
916,187,4452,2016-12-11,12:17:00.0000000,2
917,4,4213,2017-07-14,12:19:00.0000000,1
918,187,1712,2016-01-06,09:10:00.0000000,3
919,130,201,2017-12-22,14:25:00.0000000,4
920,68,430,2017-08-13,05:00:00.0000000,1
921,26,2988,2016-01-04,12:15:00.0000000,4
922,107,4925,2016-01-07,13:17:00.0000000,1
923,160,4411,2017-08-01,14:23:00.0000000,4
924,26,4381,2016-01-25,11:19:00.0000000,4
925,44,4754,2016-01-08,16:28:00.0000000,4
926,18,2082,2017-05-27,08:09:00.0000000,3
927,93,4333,2016-06-02,07:06:00.0000000,1
928,145,1079,2016-04-02,11:18:00.0000000,1
929,73,4833,2016-01-02,10:11:00.0000000,2
930,164,9,2016-08-10,07:06:00.0000000,3
931,164,571,2016-01-09,11:12:00.0000000,1
932,190,1516,2016-01-01,11:17:00.0000000,1
933,69,600,2016-02-18,15:24:00.0000000,1
934,117,1913,2016-01-03,14:19:00.0000000,1
935,188,1254,2017-10-08,05:00:00.0000000,3
938,189,3831,2016-01-05,11:16:00.0000000,2
939,85,749,2016-11-27,08:10:00.0000000,3
940,81,156,2017-01-16,07:06:00.0000000,1
941,59,3413,2017-01-18,11:14:00.0000000,3
942,76,832,2016-05-27,11:12:00.0000000,3
943,135,2773,2016-05-26,11:12:00.0000000,4
944,82,1557,2016-05-28,13:16:00.0000000,1
946,6,3044,2016-02-18,11:16:00.0000000,3
947,6,929,2016-09-20,08:07:00.0000000,1
948,112,3159,2016-03-29,06:03:00.0000000,2
949,40,621,2016-01-22,06:04:00.0000000,1
950,85,77,2016-12-10,06:05:00.0000000,1
951,65,3764,2016-01-06,15:27:00.0000000,2
952,100,2369,2016-04-04,13:20:00.0000000,3
953,26,3441,2016-07-31,13:18:00.0000000,1
954,162,4688,2016-01-04,15:26:00.0000000,1
955,197,3917,2017-03-18,13:22:00.0000000,3
956,72,4512,2016-12-18,06:05:00.0000000,1
957,200,3081,2017-05-17,16:25:00.0000000,1
958,65,4522,2017-06-17,08:10:00.0000000,1
959,106,1530,2016-10-23,10:12:00.0000000,1
962,172,4637,2017-04-01,11:16:00.0000000,3
963,151,4330,2016-01-07,18:32:00.0000000,3
964,126,4267,2017-06-03,10:16:00.0000000,3
965,91,2330,2016-01-08,14:23:00.0000000,1
966,89,2800,2016-02-18,10:11:00.0000000,3
967,91,250,2016-09-10,10:11:00.0000000,2
968,75,3805,2016-01-02,13:21:00.0000000,3
969,43,432,2017-01-09,07:06:00.0000000,3
970,14,1795,2016-01-01,08:09:00.0000000,3
971,56,797,2016-01-03,17:29:00.0000000,1
972,157,18,2016-03-08,08:09:00.0000000,3
973,8,1825,2016-08-18,07:04:00.0000000,1
974,139,4718,2016-06-14,11:13:00.0000000,3
975,188,1538,2016-01-05,08:07:00.0000000,3
976,185,773,2016-05-10,09:08:00.0000000,2
977,161,1572,2016-05-20,10:15:00.0000000,3
978,109,3793,2016-08-29,06:03:00.0000000,3
979,51,324,2017-03-01,15:23:00.0000000,3
980,159,1244,2016-02-11,13:18:00.0000000,4
981,13,4516,2016-01-19,10:11:00.0000000,3
982,189,2080,2016-08-22,05:02:00.0000000,3
983,60,4622,2016-01-06,12:18:00.0000000,1
984,190,4486,2016-07-09,07:06:00.0000000,3
985,131,1035,2016-09-21,08:09:00.0000000,3
986,58,4904,2016-09-16,10:11:00.0000000,3
987,187,469,2016-09-24,06:03:00.0000000,1
988,184,4310,2016-10-10,06:04:00.0000000,3
989,161,4734,2016-01-04,12:15:00.0000000,2
990,65,985,2016-10-02,12:15:00.0000000,1
991,162,1923,2016-01-07,15:23:00.0000000,4
992,131,3854,2016-01-08,14:21:00.0000000,3
993,46,4343,2016-01-02,10:13:00.0000000,3
994,185,3623,2016-02-20,09:12:00.0000000,2
995,180,725,2016-07-02,13:17:00.0000000,1
997,192,3640,2017-05-01,13:20:00.0000000,3
998,127,2345,2016-05-01,09:08:00.0000000,1
999,117,1386,2017-09-18,18:31:00.0000000,2
1000,78,1923,2016-01-01,12:21:00.0000000,4
1001,71,3218,2017-05-02,05:00:00.0000000,1
1002,60,4259,2016-01-24,13:16:00.0000000,1
1004,129,945,2017-07-07,10:14:00.0000000,4
1005,120,1729,2017-03-19,13:19:00.0000000,3
1007,24,1433,2016-01-03,14:21:00.0000000,1
1008,189,4356,2016-12-28,06:05:00.0000000,2
1009,41,1735,2016-06-07,06:04:00.0000000,2
1010,18,2304,2016-01-31,11:14:00.0000000,2
1011,85,2871,2016-06-10,10:15:00.0000000,4
1012,164,4147,2016-07-09,06:04:00.0000000,3
1013,138,313,2016-01-05,11:18:00.0000000,2
1014,53,3156,2016-06-25,11:13:00.0000000,2
1015,105,4091,2016-01-06,09:08:00.0000000,4
1016,25,2587,2016-02-07,07:06:00.0000000,2
1017,152,2910,2017-11-24,10:16:00.0000000,2
1018,124,546,2016-11-18,06:05:00.0000000,1
1019,152,1743,2017-07-29,08:11:00.0000000,1
1020,161,2015,2016-03-19,10:13:00.0000000,1
1021,76,575,2016-01-02,11:14:00.0000000,4
1022,92,712,2017-12-26,12:21:00.0000000,4
1023,26,3074,2016-05-31,05:01:00.0000000,4
1024,44,371,2017-06-29,12:18:00.0000000,1
1025,11,2240,2016-06-07,07:04:00.0000000,4
1026,176,2947,2017-08-04,15:25:00.0000000,1
1027,9,2295,2016-02-15,07:08:00.0000000,2
1028,88,515,2016-11-30,05:00:00.0000000,2
1029,81,4434,2016-03-02,12:18:00.0000000,3
1030,99,296,2016-04-16,13:19:00.0000000,1
1031,108,3072,2016-04-01,09:08:00.0000000,3
1032,43,4901,2016-01-04,15:25:00.0000000,3
1034,92,4702,2016-07-13,05:02:00.0000000,4
1035,15,3942,2016-12-06,14:21:00.0000000,3
1037,12,926,2016-07-08,09:10:00.0000000,2
1038,172,1455,2016-06-19,09:09:00.0000000,4
1039,85,106,2016-01-28,05:00:00.0000000,1
1040,98,379,2017-01-02,13:18:00.0000000,3
1041,55,1386,2016-04-02,06:04:00.0000000,2
1042,89,1387,2016-01-17,07:05:00.0000000,3
1043,173,4592,2016-01-07,13:16:00.0000000,3
1047,82,2801,2016-01-08,17:30:00.0000000,2
1048,33,238,2016-07-09,11:14:00.0000000,4
1049,43,1101,2016-02-27,08:10:00.0000000,2
1050,179,1393,2016-08-07,13:18:00.0000000,2
1051,45,1481,2016-01-02,14:25:00.0000000,2
1052,33,2302,2016-01-01,10:13:00.0000000,1
1053,85,2412,2016-11-28,10:13:00.0000000,1
1054,167,3189,2016-07-26,05:02:00.0000000,2
1055,125,3992,2017-09-19,12:19:00.0000000,3
1056,26,2483,2016-10-30,12:16:00.0000000,4
1057,7,3100,2016-04-28,11:12:00.0000000,4
1058,68,798,2016-04-14,10:13:00.0000000,4
1059,59,149,2017-09-13,17:30:00.0000000,4
1060,191,4684,2017-10-28,12:20:00.0000000,2
1061,114,4161,2016-01-03,18:33:00.0000000,3
1062,34,1741,2016-01-05,08:07:00.0000000,1
1063,102,3052,2016-12-20,12:17:00.0000000,4
1064,76,2352,2017-10-20,16:28:00.0000000,1
1066,62,2528,2016-02-12,11:14:00.0000000,2
1067,59,3496,2017-08-03,12:19:00.0000000,4
1068,132,828,2016-08-27,10:11:00.0000000,3
1069,86,1587,2016-02-09,07:06:00.0000000,4
1070,33,1704,2017-01-02,15:22:00.0000000,1
1071,110,3326,2016-12-14,14:21:00.0000000,2
1072,177,1560,2016-11-21,08:09:00.0000000,4
1073,129,2674,2016-11-20,10:13:00.0000000,2
1074,101,1330,2016-08-19,07:06:00.0000000,2
1075,43,4293,2016-10-30,08:08:00.0000000,2
1076,35,1597,2017-10-24,10:16:00.0000000,3
1077,189,3290,2016-02-22,05:02:00.0000000,1
1078,181,2023,2016-02-16,09:11:00.0000000,2
1079,195,1314,2016-07-31,09:10:00.0000000,2
1080,183,4543,2017-06-02,14:21:00.0000000,1
1081,73,670,2016-01-06,13:20:00.0000000,4
1082,5,193,2016-01-04,12:17:00.0000000,1
1083,80,2273,2016-12-22,08:09:00.0000000,3
1084,165,1304,2016-01-19,09:08:00.0000000,2
1085,32,1838,2016-01-07,16:26:00.0000000,4
1086,36,2113,2016-02-02,06:05:00.0000000,3
1087,153,2222,2017-01-02,08:10:00.0000000,4
1088,120,1554,2016-10-30,14:20:00.0000000,4
1089,119,4609,2016-01-08,14:22:00.0000000,4
1090,93,1368,2016-02-21,10:15:00.0000000,2
1091,45,526,2017-09-13,12:19:00.0000000,4
1092,171,2543,2017-07-21,08:11:00.0000000,3
1093,36,3013,2016-03-08,09:13:00.0000000,4
1094,187,2777,2016-01-02,12:17:00.0000000,1
1095,61,1669,2016-01-01,07:05:00.0000000,4
1096,36,2591,2016-01-03,16:25:00.0000000,4
1097,43,376,2017-02-15,07:06:00.0000000,4
1098,63,3214,2016-05-11,09:08:00.0000000,1
1099,88,2236,2017-03-28,10:16:00.0000000,3
1101,178,4742,2016-09-20,12:15:00.0000000,4
1102,3,854,2017-05-24,12:17:00.0000000,2
1103,129,2927,2016-09-23,06:03:00.0000000,1
1104,20,2523,2016-10-30,06:04:00.0000000,2
1105,130,78,2016-01-05,11:17:00.0000000,4
1106,200,781,2017-12-16,14:25:00.0000000,2
1107,35,530,2016-02-10,05:00:00.0000000,4
1108,142,10,2016-03-13,10:16:00.0000000,4
1109,177,3197,2016-01-06,10:11:00.0000000,3
1110,43,355,2017-03-16,07:07:00.0000000,4
1111,8,1783,2016-11-03,09:12:00.0000000,3
1112,7,2706,2016-01-04,16:29:00.0000000,3
1113,84,2777,2016-01-07,13:18:00.0000000,4
1114,156,3253,2016-12-27,08:09:00.0000000,2
1115,116,284,2017-10-26,14:24:00.0000000,1
1116,152,3709,2016-05-23,05:00:00.0000000,1
1117,68,59,2016-05-25,10:16:00.0000000,3
1118,183,3010,2017-04-07,11:16:00.0000000,4
1119,195,4615,2016-09-16,10:11:00.0000000,3
1120,53,1600,2016-12-02,06:05:00.0000000,1
1121,170,3058,2016-01-09,11:18:00.0000000,2
1122,138,2513,2016-10-16,08:08:00.0000000,2
1123,112,1933,2017-03-09,11:15:00.0000000,3
1124,193,4964,2016-01-08,14:21:00.0000000,3
1125,157,574,2016-03-20,16:27:00.0000000,2
1126,47,3540,2016-05-25,07:04:00.0000000,2
1128,99,1246,2016-03-16,15:25:00.0000000,3
1129,76,106,2016-04-18,14:23:00.0000000,3
1130,168,1899,2016-02-05,12:17:00.0000000,4
1131,36,4623,2017-06-14,14:22:00.0000000,3
1132,3,4077,2016-11-06,08:08:00.0000000,3
1133,24,1834,2016-08-29,12:15:00.0000000,4
1134,58,2385,2016-01-16,06:03:00.0000000,2
1135,45,1454,2016-10-07,06:04:00.0000000,3
1136,122,950,2016-01-02,09:09:00.0000000,4
1137,57,254,2016-01-01,11:17:00.0000000,1
1138,154,1899,2016-01-03,13:17:00.0000000,3
1139,181,3938,2016-03-23,06:03:00.0000000,1
1140,126,902,2017-08-28,17:30:00.0000000,1
1141,172,4977,2016-08-14,07:06:00.0000000,4
1142,49,3092,2017-01-16,11:15:00.0000000,1
1143,185,1329,2017-03-29,13:19:00.0000000,4
1144,90,1757,2017-08-25,17:30:00.0000000,1
1145,91,3463,2016-01-05,08:09:00.0000000,2
1147,26,2931,2016-01-06,13:22:00.0000000,1
1148,87,4287,2016-05-30,09:10:00.0000000,4
1149,25,2415,2017-01-18,07:06:00.0000000,2
1150,11,4188,2016-04-04,13:16:00.0000000,3
1151,81,111,2016-01-04,14:21:00.0000000,4
1152,126,700,2017-02-22,11:18:00.0000000,4
1153,7,3169,2016-09-05,10:11:00.0000000,1
1154,145,1408,2016-09-11,08:07:00.0000000,2
1156,35,3580,2016-01-07,19:35:00.0000000,3
1157,160,2513,2016-08-17,08:09:00.0000000,2
1158,139,3780,2016-01-30,07:06:00.0000000,1
1159,183,116,2017-01-13,13:22:00.0000000,2
1160,184,64,2017-01-13,11:14:00.0000000,1
1161,135,3465,2017-06-24,14:22:00.0000000,3
1162,162,3140,2016-01-09,13:23:00.0000000,3
1163,73,288,2016-09-13,06:03:00.0000000,1
1164,67,4687,2017-08-15,15:26:00.0000000,3
1165,118,2880,2017-04-30,13:20:00.0000000,1
1166,169,1386,2016-03-25,10:15:00.0000000,4
1167,96,4666,2016-11-08,08:08:00.0000000,4
1168,77,3488,2016-11-30,14:21:00.0000000,1
1169,192,4410,2016-11-09,06:04:00.0000000,1
1170,126,3891,2016-01-08,12:15:00.0000000,2
1171,152,1078,2016-03-13,17:29:00.0000000,1
1172,135,2669,2016-06-30,11:13:00.0000000,1
1173,97,4369,2016-02-03,09:10:00.0000000,3
1174,184,4557,2016-01-02,13:21:00.0000000,1
1175,67,2660,2017-05-03,13:20:00.0000000,4
1176,102,4882,2016-07-18,07:06:00.0000000,3
1177,73,4710,2017-11-03,10:16:00.0000000,1
1178,133,1073,2016-01-01,08:09:00.0000000,2
1179,122,2116,2017-10-20,14:24:00.0000000,3
1180,138,2950,2017-11-11,12:20:00.0000000,1
1182,22,3662,2016-01-03,17:29:00.0000000,3
1183,71,4636,2016-09-18,06:03:00.0000000,2
1184,114,3284,2016-10-02,10:11:00.0000000,4
1185,30,3676,2016-11-21,08:09:00.0000000,1
1186,11,3625,2016-03-25,12:19:00.0000000,3
1187,38,1533,2016-01-05,12:21:00.0000000,3
1188,26,4521,2016-10-14,08:08:00.0000000,3
1189,73,1326,2016-01-06,10:11:00.0000000,4
1190,66,4258,2016-01-04,11:13:00.0000000,3
1191,169,4968,2017-08-03,11:18:00.0000000,1
1192,19,3380,2016-04-24,11:19:00.0000000,3
1194,51,4143,2016-09-27,08:07:00.0000000,4
1195,97,3076,2016-12-11,10:13:00.0000000,2
1196,54,2669,2016-10-26,06:04:00.0000000,3
1197,114,1235,2017-01-23,15:22:00.0000000,1
1198,125,1928,2017-10-26,12:20:00.0000000,3
1199,188,371,2016-01-14,10:11:00.0000000,1
1200,20,65,2016-02-21,11:16:00.0000000,2
1201,191,4455,2017-07-09,10:14:00.0000000,3
1202,74,3382,2016-01-07,16:26:00.0000000,1
1203,18,2719,2017-06-27,16:26:00.0000000,3
1204,109,2040,2016-01-09,11:16:00.0000000,4
1205,186,3799,2017-10-26,18:32:00.0000000,1
1206,77,2146,2017-10-16,07:04:00.0000000,4
1207,193,4067,2016-06-05,13:17:00.0000000,4
1208,120,329,2016-01-08,13:19:00.0000000,2
1209,100,3936,2016-01-02,10:13:00.0000000,2
1210,104,4929,2016-04-15,10:12:00.0000000,4
1211,52,2950,2016-05-07,11:12:00.0000000,1
1212,5,151,2016-07-25,08:10:00.0000000,4
1213,60,2419,2016-12-27,06:05:00.0000000,3
1214,143,1228,2017-06-25,16:26:00.0000000,2
1215,48,1440,2016-01-09,14:19:00.0000000,2
1216,79,1849,2016-08-11,05:02:00.0000000,4
1217,17,4517,2016-01-01,07:04:00.0000000,2
1218,94,4121,2017-10-07,12:19:00.0000000,1
1219,45,597,2017-10-07,16:27:00.0000000,2
1220,118,1413,2016-08-24,09:10:00.0000000,4
1221,116,2865,2016-03-04,09:10:00.0000000,3
1222,177,4223,2016-05-08,06:04:00.0000000,1
1223,26,3649,2017-05-28,12:17:00.0000000,4
1224,178,3140,2017-04-09,07:08:00.0000000,1
1225,114,4171,2016-05-08,07:04:00.0000000,2
1226,126,4637,2016-01-06,10:11:00.0000000,1
1227,26,2544,2016-01-03,14:21:00.0000000,1
1228,93,3959,2016-12-16,06:05:00.0000000,2
1229,155,4806,2016-01-05,10:13:00.0000000,1
1230,58,4284,2016-01-06,13:21:00.0000000,4
1231,145,1208,2017-02-22,14:21:00.0000000,4
1232,198,2887,2016-01-04,15:25:00.0000000,3
1233,93,380,2016-01-26,14:19:00.0000000,2
1234,102,1338,2016-01-19,06:03:00.0000000,2
1235,101,742,2017-05-01,07:08:00.0000000,3
1236,185,2280,2017-02-14,15:22:00.0000000,3
1237,126,4773,2016-08-17,07:06:00.0000000,2
1238,43,324,2016-09-20,06:03:00.0000000,1
1239,29,2423,2017-02-02,09:10:00.0000000,3
1241,152,4132,2016-10-05,08:09:00.0000000,2
1242,184,722,2017-04-25,13:20:00.0000000,2
1243,127,1056,2016-01-07,13:16:00.0000000,4
1244,64,904,2016-05-03,05:00:00.0000000,3
1245,64,2408,2017-02-09,11:14:00.0000000,3
1246,89,337,2016-01-01,05:02:00.0000000,1
1247,145,3706,2016-02-03,07:07:00.0000000,2
1248,192,3607,2016-01-27,10:11:00.0000000,1
1249,34,3035,2016-02-27,08:08:00.0000000,3
1250,195,3217,2016-01-09,08:08:00.0000000,1
1251,9,1038,2016-12-17,06:05:00.0000000,2
1252,80,1597,2016-07-31,09:10:00.0000000,2
1253,16,4645,2016-05-22,09:08:00.0000000,3
1254,62,2888,2016-05-28,12:19:00.0000000,2
1255,63,1123,2016-03-21,07:04:00.0000000,2
1256,132,1376,2016-02-10,10:16:00.0000000,2
1257,158,3035,2016-01-16,06:03:00.0000000,3
1258,99,3727,2016-01-27,08:07:00.0000000,1
1259,99,2785,2016-01-08,11:13:00.0000000,2
1260,148,1717,2016-01-02,09:08:00.0000000,1
1261,112,602,2017-10-23,14:24:00.0000000,2
1262,143,3514,2016-02-23,07:08:00.0000000,3
1263,39,1391,2017-03-20,15:23:00.0000000,3
1264,162,1747,2016-01-22,06:03:00.0000000,1
1265,11,715,2016-07-02,07:05:00.0000000,2
1266,130,2249,2016-01-01,12:20:00.0000000,1
1267,18,3743,2017-01-26,07:06:00.0000000,2
1269,192,1723,2017-09-18,12:19:00.0000000,2
1270,14,2615,2016-01-03,13:16:00.0000000,4
1271,113,4095,2016-08-28,12:15:00.0000000,2
1272,52,1047,2016-01-05,07:05:00.0000000,3
1273,123,3131,2017-10-08,10:15:00.0000000,4
1274,195,1201,2016-07-01,09:12:00.0000000,1
1276,199,1983,2016-01-06,10:13:00.0000000,1
1277,127,3205,2017-06-18,08:10:00.0000000,1
1278,90,3179,2017-08-20,09:14:00.0000000,2
1279,12,52,2016-01-04,12:17:00.0000000,3
1281,155,4024,2016-01-07,17:28:00.0000000,2
1282,76,3868,2016-01-09,09:10:00.0000000,3
1283,73,2956,2016-07-11,13:18:00.0000000,2
1284,116,2638,2016-01-08,11:13:00.0000000,1
1285,94,4063,2016-02-23,11:16:00.0000000,3
1286,19,2739,2016-04-21,15:27:00.0000000,2
1287,194,4824,2016-07-26,06:04:00.0000000,2
1288,67,2815,2016-01-02,14:24:00.0000000,3
1289,164,2063,2016-01-01,11:16:00.0000000,4
1290,4,585,2017-09-11,09:08:00.0000000,4
1291,190,561,2017-06-27,10:14:00.0000000,2
1292,177,3382,2017-10-21,14:24:00.0000000,3
1293,116,907,2016-05-09,07:04:00.0000000,1
1294,13,2025,2017-08-11,11:17:00.0000000,3
1295,56,2628,2016-01-03,18:32:00.0000000,4
1296,133,4978,2017-02-06,09:10:00.0000000,4
1297,199,4938,2017-11-11,10:17:00.0000000,3
1299,63,4321,2017-08-03,08:11:00.0000000,4
1300,56,2588,2016-02-12,09:10:00.0000000,2
1301,169,1500,2017-06-24,12:18:00.0000000,3
1302,9,1388,2016-11-30,14:21:00.0000000,3
1305,152,77,2016-02-05,05:02:00.0000000,4
1306,128,807,2016-01-05,11:17:00.0000000,3
1307,127,571,2016-11-06,08:09:00.0000000,1
1308,54,3844,2016-06-19,10:17:00.0000000,4
1309,17,3621,2017-09-01,13:22:00.0000000,2
1310,102,468,2016-02-08,07:08:00.0000000,1
1311,76,4914,2016-06-27,12:17:00.0000000,3
1312,134,2882,2017-10-18,10:15:00.0000000,1
1313,18,335,2017-10-25,12:20:00.0000000,1
1314,78,1543,2016-01-21,14:19:00.0000000,4
1315,69,1957,2016-07-19,05:02:00.0000000,4
1316,35,480,2016-06-17,11:13:00.0000000,2
1317,121,3622,2017-12-29,16:29:00.0000000,2
1318,27,3378,2017-04-14,15:24:00.0000000,4
1319,44,1196,2016-01-06,14:25:00.0000000,3
1320,190,4066,2016-01-04,11:12:00.0000000,1
1321,62,3700,2016-01-07,14:19:00.0000000,2
1322,135,2480,2016-03-14,14:22:00.0000000,3
1323,126,1245,2016-04-12,14:23:00.0000000,3
1324,25,2146,2016-07-25,05:02:00.0000000,3
1325,118,938,2016-05-25,05:00:00.0000000,1
1326,7,3917,2016-01-09,08:08:00.0000000,3
1327,121,2867,2017-03-21,10:16:00.0000000,2
1328,133,1993,2016-01-08,16:28:00.0000000,3
1329,21,244,2016-09-08,08:07:00.0000000,3
1330,167,4780,2016-09-01,06:03:00.0000000,3
1331,10,3207,2016-01-02,13:20:00.0000000,3
1332,124,665,2016-12-30,10:13:00.0000000,4
1333,193,1006,2016-03-30,07:08:00.0000000,4
1334,91,364,2016-05-05,11:12:00.0000000,3
1335,70,1838,2016-02-07,09:10:00.0000000,2
1336,42,1963,2016-02-04,08:09:00.0000000,4
1337,122,1216,2016-03-27,10:15:00.0000000,2
1338,108,1968,2017-12-31,14:25:00.0000000,3
1339,194,4710,2016-04-17,13:23:00.0000000,2
1340,148,3545,2016-12-25,10:13:00.0000000,3
1341,61,3951,2016-01-31,12:15:00.0000000,4
1342,63,3097,2017-02-28,15:23:00.0000000,4
1343,5,836,2016-07-01,05:01:00.0000000,3
1344,38,48,2016-04-28,15:22:00.0000000,1
1346,59,2388,2016-04-26,07:06:00.0000000,4
1347,150,3565,2017-03-04,13:19:00.0000000,3
1348,192,4073,2016-07-07,10:11:00.0000000,4
1349,138,3802,2016-11-25,12:17:00.0000000,2
1350,61,601,2016-01-01,09:10:00.0000000,2
1351,147,2278,2017-01-31,13:18:00.0000000,3
1352,160,24,2016-09-05,10:13:00.0000000,2
1353,116,163,2016-04-14,11:12:00.0000000,4
1354,39,1542,2016-06-24,07:05:00.0000000,1
1355,127,383,2016-03-22,13:16:00.0000000,4
1356,166,4066,2016-06-11,13:17:00.0000000,4
1357,114,297,2016-03-30,09:09:00.0000000,4
1358,82,2623,2017-06-16,10:14:00.0000000,3
1359,190,4712,2016-01-03,17:28:00.0000000,2
1360,192,169,2016-07-21,09:10:00.0000000,3
1361,5,1859,2016-09-11,10:11:00.0000000,3
1362,140,1369,2016-09-15,10:11:00.0000000,2
1363,17,1500,2016-12-16,11:14:00.0000000,4
1364,75,2340,2016-01-14,14:19:00.0000000,4
1365,149,1651,2016-09-13,07:06:00.0000000,4
1366,35,3335,2016-11-04,08:08:00.0000000,3
1367,31,3744,2016-01-11,05:00:00.0000000,3
1369,95,2327,2016-03-11,07:08:00.0000000,3
1370,190,4294,2017-02-17,13:19:00.0000000,3
1371,10,2337,2017-04-04,11:16:00.0000000,2
1372,100,4162,2016-01-12,06:03:00.0000000,4
1373,174,3063,2017-03-24,12:20:00.0000000,2
1374,189,81,2016-12-23,11:14:00.0000000,4
1375,6,4669,2016-11-20,12:17:00.0000000,4
1376,115,1472,2016-03-21,07:07:00.0000000,1
1377,112,4274,2016-06-29,10:16:00.0000000,1
1378,71,3054,2016-11-20,10:13:00.0000000,3
1379,44,3689,2016-01-05,08:09:00.0000000,3
1380,147,3063,2016-05-09,05:00:00.0000000,3
1381,96,1531,2016-02-10,09:10:00.0000000,2
1382,81,4729,2016-01-06,12:17:00.0000000,4
1383,107,195,2016-05-06,05:00:00.0000000,3
1384,142,4890,2016-04-21,07:07:00.0000000,4
1385,190,1139,2017-05-24,08:09:00.0000000,3
1386,173,2466,2016-02-15,10:16:00.0000000,2
1387,155,1177,2016-04-06,15:26:00.0000000,2
1388,26,3474,2017-02-19,07:07:00.0000000,4
1389,154,3175,2016-08-28,07:08:00.0000000,1
1390,31,1829,2016-03-08,17:29:00.0000000,3
1391,3,491,2016-12-15,09:08:00.0000000,1
1392,79,1919,2016-01-04,16:28:00.0000000,1
1393,76,4719,2016-01-07,17:30:00.0000000,1
1394,57,4091,2017-12-30,10:17:00.0000000,2
1395,89,4714,2016-01-09,13:23:00.0000000,3
1396,157,3831,2017-02-01,07:05:00.0000000,2
1398,17,213,2016-10-08,09:10:00.0000000,3
1399,168,2336,2016-02-12,07:06:00.0000000,4
1400,10,2712,2016-10-08,14:20:00.0000000,1
1402,16,3940,2016-01-08,13:19:00.0000000,4
1403,39,1869,2016-06-13,05:00:00.0000000,3
1404,120,1102,2016-01-02,11:14:00.0000000,3
1405,38,68,2016-01-01,08:07:00.0000000,2
1406,33,3356,2016-05-15,09:08:00.0000000,4
1407,88,4507,2016-01-03,15:22:00.0000000,3
1408,7,4701,2016-02-07,11:14:00.0000000,2
1409,124,2228,2017-10-15,13:22:00.0000000,1
1410,136,1184,2016-01-05,07:04:00.0000000,3
1411,31,2208,2016-10-24,12:16:00.0000000,3
1412,198,4719,2016-01-06,09:09:00.0000000,4
1413,89,1546,2016-01-26,06:03:00.0000000,1
1414,172,675,2016-01-12,06:03:00.0000000,4
1415,42,4801,2016-01-04,15:24:00.0000000,4
1416,22,2098,2016-10-23,10:12:00.0000000,1
1417,132,2375,2016-11-11,05:00:00.0000000,1
1418,84,1640,2016-01-07,14:19:00.0000000,4
1419,125,1468,2017-08-25,17:30:00.0000000,4
1420,6,183,2016-08-02,05:02:00.0000000,3
1421,186,2927,2016-05-08,05:00:00.0000000,1
1422,85,4431,2016-01-29,08:07:00.0000000,2
1423,191,2514,2016-01-09,12:19:00.0000000,1
1424,182,4112,2016-02-10,07:06:00.0000000,3
1425,105,4888,2016-01-02,05:02:00.0000000,4
1426,197,4896,2016-12-10,08:10:00.0000000,1
1427,146,2711,2016-01-08,11:12:00.0000000,3
1428,70,3640,2017-08-16,13:22:00.0000000,2
1429,157,1161,2016-12-06,08:09:00.0000000,3
1430,67,1968,2016-04-02,07:06:00.0000000,4
1431,68,1598,2016-02-29,14:22:00.0000000,3
1432,75,2060,2016-11-04,14:20:00.0000000,2
1433,90,4237,2016-07-08,11:14:00.0000000,3
1434,158,683,2016-01-02,10:11:00.0000000,1
1435,124,824,2016-02-03,06:04:00.0000000,1
1436,124,2834,2016-10-13,14:20:00.0000000,1
1437,74,2839,2016-01-01,10:15:00.0000000,3
1438,68,3682,2016-06-22,11:13:00.0000000,1
1439,106,3321,2016-06-19,07:05:00.0000000,1
1440,97,546,2017-02-16,14:22:00.0000000,3
1441,190,2683,2016-12-13,13:22:00.0000000,2
1442,150,2301,2016-01-03,14:19:00.0000000,4
1443,194,2421,2017-02-08,15:22:00.0000000,3
1444,49,2269,2016-04-09,15:27:00.0000000,4
1445,28,2507,2016-12-27,12:17:00.0000000,2
1446,128,1253,2017-07-26,14:23:00.0000000,4
1447,97,3098,2016-03-10,10:14:00.0000000,1
1448,117,2073,2016-07-18,06:04:00.0000000,3
1449,22,3535,2016-01-05,12:20:00.0000000,1
1450,119,1209,2016-09-13,10:16:00.0000000,2
1451,85,4995,2016-02-07,11:14:00.0000000,1
1452,174,4845,2016-01-06,13:21:00.0000000,2
1453,147,820,2016-08-27,10:16:00.0000000,1
1454,61,3030,2016-03-21,12:19:00.0000000,2
1455,147,4317,2016-03-09,16:27:00.0000000,1
1456,151,3652,2017-11-19,16:28:00.0000000,2
1457,149,384,2016-05-22,10:15:00.0000000,1
1458,38,1887,2016-01-04,13:18:00.0000000,2
1459,65,881,2016-09-03,12:15:00.0000000,3
1460,54,874,2016-05-11,11:12:00.0000000,3
1461,35,3771,2016-11-14,06:04:00.0000000,3
1462,36,2651,2016-05-27,05:01:00.0000000,1
1463,123,3921,2016-08-17,09:10:00.0000000,1
1464,16,1844,2016-01-07,17:29:00.0000000,3
1465,192,239,2016-01-09,11:18:00.0000000,2
1466,121,282,2016-03-11,13:21:00.0000000,1
1467,42,1155,2016-07-21,07:06:00.0000000,2
1468,144,602,2017-02-19,09:11:00.0000000,4
1469,63,3026,2017-02-12,07:08:00.0000000,2
1470,86,3125,2016-01-08,14:22:00.0000000,4
1471,83,1061,2016-01-24,08:08:00.0000000,4
1472,200,3743,2016-07-18,05:02:00.0000000,2
1473,44,3532,2016-01-02,12:19:00.0000000,2
1474,147,1648,2016-12-16,08:09:00.0000000,3
1475,151,4464,2016-01-01,08:07:00.0000000,4
1476,48,74,2016-01-08,11:12:00.0000000,4
1478,57,45,2017-03-07,09:11:00.0000000,1
1479,31,3789,2017-03-21,05:00:00.0000000,3
1480,154,159,2016-09-26,06:03:00.0000000,2
1481,142,390,2017-07-20,16:27:00.0000000,1
1482,35,3520,2016-08-31,06:03:00.0000000,4
1483,81,4499,2016-10-22,13:20:00.0000000,4
1484,30,2600,2016-05-14,07:04:00.0000000,4
1485,195,4795,2016-01-03,16:27:00.0000000,1
1486,176,3004,2016-01-05,11:16:00.0000000,3
1487,88,2634,2017-02-18,11:15:00.0000000,1
1489,200,3735,2016-04-09,11:19:00.0000000,3
1490,81,2918,2016-08-21,07:06:00.0000000,2
1491,73,681,2016-08-12,09:10:00.0000000,2
1492,119,479,2016-04-28,12:21:00.0000000,1
1493,80,482,2017-11-30,18:33:00.0000000,3
1494,26,227,2016-11-16,10:13:00.0000000,4
1495,59,4323,2016-01-06,10:13:00.0000000,3
1496,77,1102,2016-01-04,12:15:00.0000000,2
1497,73,4973,2016-02-02,08:09:00.0000000,1
1498,121,3509,2016-01-03,06:05:00.0000000,4
1499,38,767,2017-04-17,09:12:00.0000000,3
1500,76,992,2016-01-07,06:03:00.0000000,3
1501,72,3242,2016-10-09,12:16:00.0000000,4
1502,79,1754,2016-12-25,09:08:00.0000000,1
1503,97,1914,2017-05-01,11:16:00.0000000,2
1504,150,2021,2016-01-07,14:21:00.0000000,3
1505,149,932,2017-01-31,09:10:00.0000000,1
1506,41,4246,2017-08-20,11:19:00.0000000,2
1507,35,683,2016-01-09,10:13:00.0000000,4
1508,10,3561,2017-05-01,09:12:00.0000000,3
1509,127,4076,2016-06-26,09:09:00.0000000,3
1510,10,4917,2016-03-01,06:03:00.0000000,3
1511,41,383,2017-05-21,08:10:00.0000000,1
1512,121,4150,2016-12-11,08:09:00.0000000,2
1513,20,3755,2017-04-03,11:16:00.0000000,4
1514,56,323,2016-08-12,07:06:00.0000000,4
1515,33,1445,2016-02-29,06:04:00.0000000,3
1516,5,1605,2016-01-08,11:14:00.0000000,4
1517,169,3610,2016-01-01,07:06:00.0000000,3
1518,8,266,2017-07-10,12:18:00.0000000,3
1519,130,2419,2016-01-02,10:11:00.0000000,3
1520,103,4597,2016-11-06,14:20:00.0000000,2
1521,151,79,2017-07-25,10:15:00.0000000,2
1523,69,822,2016-07-21,07:06:00.0000000,2
1524,68,4713,2016-07-02,05:01:00.0000000,1
1525,33,2081,2016-10-22,12:16:00.0000000,1
1526,197,3477,2017-02-07,11:14:00.0000000,3
1527,199,3983,2017-12-08,14:25:00.0000000,3
1528,131,4846,2017-12-19,12:21:00.0000000,1
1529,47,1485,2016-01-01,13:23:00.0000000,2
1530,72,1832,2016-03-27,13:18:00.0000000,1
1531,141,4180,2017-06-12,12:18:00.0000000,2
1532,161,941,2016-06-23,06:04:00.0000000,2
1533,132,4493,2016-10-08,12:16:00.0000000,4
1534,101,773,2016-11-05,06:04:00.0000000,4
1535,9,3064,2017-04-04,11:16:00.0000000,1
1536,159,3819,2016-03-30,14:20:00.0000000,3
1537,140,1205,2016-04-01,08:08:00.0000000,3
1538,129,1518,2016-01-03,14:19:00.0000000,2
1539,157,2948,2017-05-03,09:12:00.0000000,1
1540,1,4041,2016-12-30,08:09:00.0000000,1
1541,16,1406,2016-02-08,07:06:00.0000000,3
1542,22,4315,2016-04-09,13:23:00.0000000,4
1543,67,1959,2017-01-11,07:06:00.0000000,1
1544,183,2500,2016-01-05,09:10:00.0000000,1
1545,191,1063,2016-02-27,07:06:00.0000000,2
1546,83,496,2016-11-17,06:05:00.0000000,2
1547,177,80,2016-01-06,09:08:00.0000000,4
1548,106,2189,2016-05-09,09:08:00.0000000,2
1549,119,1351,2017-02-02,07:06:00.0000000,3
1550,11,1628,2016-01-14,14:19:00.0000000,2
1551,129,2523,2016-03-05,16:26:00.0000000,1
1552,171,544,2017-06-13,10:14:00.0000000,1
1553,30,4860,2016-10-27,09:10:00.0000000,4
1554,116,80,2016-06-13,13:17:00.0000000,1
1555,169,3749,2017-08-04,14:25:00.0000000,1
1556,85,3071,2017-02-14,07:06:00.0000000,4
1557,55,3592,2016-06-05,07:05:00.0000000,2
1558,133,2353,2016-01-04,14:23:00.0000000,2
1559,32,1960,2016-08-09,05:02:00.0000000,1
1560,57,4760,2017-02-20,13:16:00.0000000,2
1561,99,3353,2017-05-04,09:12:00.0000000,1
1562,182,4623,2016-10-13,06:04:00.0000000,2
1563,128,3881,2016-01-07,18:33:00.0000000,4
1564,90,2448,2017-01-14,13:18:00.0000000,4
1565,73,2751,2016-01-09,10:13:00.0000000,1
1566,167,2291,2017-01-07,11:12:00.0000000,2
1567,62,875,2016-01-09,08:07:00.0000000,4
1568,160,89,2016-02-10,09:10:00.0000000,4
1569,83,489,2016-10-10,12:16:00.0000000,2
1571,160,52,2017-08-13,11:18:00.0000000,1
1572,155,3553,2017-02-12,09:10:00.0000000,1
1573,144,2016,2016-06-04,07:04:00.0000000,4
1574,162,2419,2016-03-11,09:13:00.0000000,2
1576,56,957,2016-02-29,13:23:00.0000000,2
1577,45,1671,2017-06-29,09:08:00.0000000,1
1578,112,3663,2016-01-08,17:31:00.0000000,2
1579,10,794,2016-07-24,07:06:00.0000000,2
1581,117,741,2016-11-03,12:16:00.0000000,3
1582,16,3663,2016-05-26,10:13:00.0000000,2
1584,51,4518,2016-01-02,15:27:00.0000000,4
1585,76,1948,2016-03-30,10:13:00.0000000,2
1586,100,2490,2016-01-01,11:17:00.0000000,2
1587,72,2355,2016-04-09,05:00:00.0000000,4
1588,172,2628,2016-02-10,08:07:00.0000000,1
1589,122,1533,2016-05-22,05:00:00.0000000,1
1590,159,1858,2016-04-14,05:00:00.0000000,3
1592,74,435,2016-02-24,06:03:00.0000000,3
1593,95,3946,2016-08-27,10:11:00.0000000,2
1594,156,757,2016-08-17,11:14:00.0000000,3
1595,23,4448,2016-01-28,10:14:00.0000000,3
1596,18,1150,2016-06-17,05:01:00.0000000,3
1597,132,963,2016-08-11,07:06:00.0000000,4
1598,62,1661,2016-01-03,19:35:00.0000000,3
1599,200,3930,2016-01-16,10:15:00.0000000,2
1600,173,4083,2016-11-11,10:12:00.0000000,3
1601,15,1885,2017-05-26,12:17:00.0000000,4
1602,190,1298,2017-06-15,08:10:00.0000000,3
1603,100,2218,2016-05-18,13:16:00.0000000,2
1604,6,2405,2016-08-31,14:19:00.0000000,1
1605,97,2484,2017-06-05,10:16:00.0000000,1
1606,59,2206,2017-08-06,11:17:00.0000000,2
1607,125,2817,2016-01-05,08:07:00.0000000,2
1608,36,4286,2017-06-10,08:09:00.0000000,2
1609,10,3224,2016-06-11,05:01:00.0000000,3
1610,200,2726,2016-01-06,14:24:00.0000000,2
1611,68,1739,2016-01-04,12:15:00.0000000,3
1612,3,2874,2017-08-11,05:00:00.0000000,1
1613,108,2696,2016-01-07,16:25:00.0000000,3
1614,153,3782,2016-03-19,10:15:00.0000000,1
1615,31,4306,2017-02-10,14:24:00.0000000,2
1616,180,3972,2016-02-29,10:14:00.0000000,3
1617,200,1758,2016-06-12,13:17:00.0000000,2
1618,36,4397,2016-12-20,12:17:00.0000000,2
1619,138,1078,2016-07-22,13:18:00.0000000,1
1622,173,3466,2016-01-14,09:09:00.0000000,4
1623,131,1445,2016-03-21,08:11:00.0000000,3
1624,69,4182,2016-05-09,08:07:00.0000000,1
1625,49,4235,2016-01-09,12:20:00.0000000,1
1626,40,3844,2017-05-17,10:15:00.0000000,4
1627,191,2533,2016-12-01,06:05:00.0000000,4
1628,6,3650,2017-01-14,07:06:00.0000000,4
1629,141,2080,2017-04-20,13:20:00.0000000,4
1630,26,1613,2016-01-08,14:22:00.0000000,1
1631,137,4772,2016-03-07,11:17:00.0000000,4
1632,150,3276,2016-01-02,13:21:00.0000000,4
1633,3,2441,2016-02-19,09:12:00.0000000,3
1634,17,441,2016-01-16,08:07:00.0000000,3
1635,91,3391,2016-12-16,08:09:00.0000000,1
1636,142,2701,2017-01-07,07:06:00.0000000,3
1637,71,1038,2016-08-07,07:06:00.0000000,3
1638,60,2414,2016-03-21,10:15:00.0000000,4
1639,174,3081,2016-08-16,13:18:00.0000000,3
1640,96,663,2017-12-23,10:17:00.0000000,2
1641,78,1368,2017-12-10,12:21:00.0000000,3
1642,144,797,2016-01-01,09:10:00.0000000,1
1643,96,2234,2016-01-27,09:10:00.0000000,3
1644,117,2693,2016-06-26,07:05:00.0000000,1
1645,72,1499,2017-11-19,12:20:00.0000000,1
1646,168,4038,2017-06-07,08:09:00.0000000,1
1647,163,4821,2016-01-03,17:29:00.0000000,3
1648,161,4471,2016-01-05,10:15:00.0000000,1
1649,189,2870,2016-06-07,05:01:00.0000000,1
1650,20,1255,2017-10-28,14:24:00.0000000,1
1651,71,4525,2017-08-08,11:12:00.0000000,2
1652,30,2656,2016-06-13,11:13:00.0000000,1
1653,178,3422,2016-01-24,10:11:00.0000000,1
1654,117,565,2017-07-07,12:18:00.0000000,4
1655,119,3225,2016-01-06,13:20:00.0000000,2
1656,139,560,2017-06-27,14:22:00.0000000,3
1657,17,4902,2016-01-04,17:31:00.0000000,3
1658,154,1908,2017-05-09,13:20:00.0000000,1
1659,96,3256,2017-02-15,09:10:00.0000000,2
1660,126,3506,2016-01-07,13:17:00.0000000,4
1661,143,2889,2016-01-09,10:15:00.0000000,4
1662,36,3682,2016-01-08,11:13:00.0000000,4
1663,6,2094,2017-01-13,09:10:00.0000000,2
1664,151,4467,2016-09-11,08:07:00.0000000,3
1665,166,1969,2016-01-02,11:14:00.0000000,4
1666,183,2017,2017-08-31,17:30:00.0000000,4
1667,77,3737,2017-07-08,08:10:00.0000000,1
1668,9,3725,2016-01-01,13:23:00.0000000,1
1669,173,1117,2016-11-07,14:20:00.0000000,2
1670,19,2240,2016-08-15,13:18:00.0000000,1
1671,167,4076,2016-04-29,13:23:00.0000000,3
1672,96,3026,2017-01-25,09:10:00.0000000,3
1673,2,332,2016-02-24,12:20:00.0000000,3
1675,119,2781,2016-10-25,05:00:00.0000000,3
1676,71,2786,2016-04-19,08:08:00.0000000,3
1677,49,2264,2017-09-12,13:22:00.0000000,3
1678,50,4881,2016-08-05,11:14:00.0000000,1
1679,123,318,2017-07-31,14:23:00.0000000,4
1680,159,4803,2016-06-08,11:13:00.0000000,1
1681,136,3299,2016-02-09,15:22:00.0000000,1
1682,67,2970,2016-01-03,15:22:00.0000000,2
1683,14,3183,2017-01-16,09:10:00.0000000,3
1684,106,4058,2016-03-27,14:20:00.0000000,2
1685,66,975,2016-01-05,08:08:00.0000000,1
1686,72,2676,2016-01-21,08:07:00.0000000,2
1687,162,3431,2016-01-06,11:14:00.0000000,3
1688,109,349,2016-01-04,15:25:00.0000000,3
1689,27,2939,2017-05-09,07:04:00.0000000,4
1690,28,2983,2016-06-01,05:01:00.0000000,3
1691,93,53,2016-01-07,17:29:00.0000000,2
1692,58,3735,2016-01-16,06:05:00.0000000,3
1693,98,586,2016-01-09,10:13:00.0000000,4
1694,22,523,2016-01-06,14:19:00.0000000,4
1696,69,4389,2016-07-29,09:08:00.0000000,4
1697,96,1475,2016-01-26,08:07:00.0000000,3
1699,23,762,2017-10-08,14:23:00.0000000,3
1700,60,2574,2017-03-19,10:15:00.0000000,4
1701,147,4641,2017-12-11,16:29:00.0000000,2
1702,93,1046,2016-01-08,15:24:00.0000000,2
1703,188,4785,2016-01-02,15:27:00.0000000,4
1704,82,808,2017-01-06,15:22:00.0000000,1
1705,26,987,2017-03-02,13:19:00.0000000,3
1706,49,4114,2016-08-22,11:14:00.0000000,3
1707,88,3599,2016-08-17,07:06:00.0000000,3
1708,156,3051,2016-10-01,11:18:00.0000000,2
1709,5,2776,2016-01-01,12:20:00.0000000,3
1710,193,3972,2016-08-06,07:06:00.0000000,1
1711,76,1222,2017-08-30,09:14:00.0000000,3
1712,8,970,2017-06-03,16:25:00.0000000,1
1713,113,4747,2016-01-03,09:10:00.0000000,3
1714,126,3999,2016-07-13,10:13:00.0000000,4
1715,61,2010,2017-03-26,10:13:00.0000000,2
1716,174,2605,2016-11-13,08:08:00.0000000,3
1717,148,1547,2016-07-02,09:09:00.0000000,4
1718,151,146,2017-06-06,08:09:00.0000000,3
1719,46,1437,2016-04-06,05:02:00.0000000,2
1720,123,3799,2016-02-10,15:22:00.0000000,3
1721,91,1996,2016-04-06,11:18:00.0000000,4
1722,49,1295,2016-02-23,07:08:00.0000000,2
1723,103,3808,2016-12-20,06:05:00.0000000,2
1724,25,1280,2016-01-03,19:35:00.0000000,1
1725,172,4207,2016-01-05,13:23:00.0000000,2
1726,101,1281,2016-09-27,08:07:00.0000000,2
1727,126,840,2017-09-07,12:21:00.0000000,4
1728,190,262,2016-01-12,06:05:00.0000000,3
1729,138,1902,2016-09-13,10:11:00.0000000,2
1730,163,1347,2016-02-15,09:09:00.0000000,1
1731,118,1202,2016-08-06,09:10:00.0000000,4
1732,32,3221,2016-01-06,10:11:00.0000000,4
1733,109,2245,2016-05-26,05:00:00.0000000,1
1734,51,4715,2017-04-25,13:20:00.0000000,2
1735,136,2160,2017-07-24,10:15:00.0000000,3
1736,93,1712,2016-02-13,09:10:00.0000000,4
1737,136,1449,2017-08-22,15:26:00.0000000,1
1739,179,1217,2016-01-31,09:08:00.0000000,3
1740,119,485,2016-01-04,13:18:00.0000000,2
1741,78,2485,2016-05-21,07:04:00.0000000,3
1742,120,3421,2016-01-07,14:21:00.0000000,1
1743,81,3422,2017-01-16,11:14:00.0000000,1
1744,13,2136,2016-06-27,05:01:00.0000000,3
1745,87,4876,2017-01-06,07:06:00.0000000,3
1746,38,4103,2016-01-09,13:22:00.0000000,1
1747,43,4355,2017-12-09,18:33:00.0000000,1
1748,106,3767,2016-01-08,12:15:00.0000000,4
1749,32,2684,2016-03-27,07:05:00.0000000,1
1750,1,1212,2016-11-01,06:04:00.0000000,2
1751,100,3700,2016-01-02,14:24:00.0000000,3
1752,106,3562,2016-08-30,06:03:00.0000000,3
1753,165,3224,2016-01-01,08:09:00.0000000,1
1754,35,2058,2017-04-01,07:08:00.0000000,1
1755,167,4911,2016-09-03,08:07:00.0000000,4
1756,106,4548,2016-12-22,12:17:00.0000000,4
1757,144,1583,2016-06-23,05:01:00.0000000,3
1758,144,4035,2016-02-06,14:21:00.0000000,1
1759,158,993,2016-02-15,09:12:00.0000000,3
1760,111,545,2016-01-20,07:06:00.0000000,3
1761,111,2043,2017-11-04,16:28:00.0000000,2
1762,125,3716,2016-01-03,18:32:00.0000000,1
1763,43,3213,2016-01-05,11:17:00.0000000,4
1764,174,387,2016-01-09,09:12:00.0000000,3
1765,64,4877,2016-03-10,13:21:00.0000000,4
1766,6,4088,2017-02-25,09:11:00.0000000,3
1767,63,4802,2017-01-16,07:06:00.0000000,3
1768,46,1740,2016-03-12,09:13:00.0000000,4
1769,97,4287,2016-02-26,08:10:00.0000000,3
1770,154,281,2017-05-07,07:08:00.0000000,3
1771,13,3563,2016-07-05,09:09:00.0000000,2
1773,101,1945,2016-01-06,12:19:00.0000000,2
1774,100,4554,2016-12-20,10:13:00.0000000,1
1775,23,3584,2017-01-22,09:10:00.0000000,3
1776,106,3477,2016-03-13,13:21:00.0000000,2
1777,10,966,2016-03-06,08:09:00.0000000,4
1779,157,1210,2016-03-22,10:12:00.0000000,2
1780,153,4103,2017-11-06,14:24:00.0000000,3
1781,59,2601,2016-01-01,05:00:00.0000000,4
1783,151,1625,2016-09-17,12:15:00.0000000,2
1784,86,4482,2016-08-12,11:14:00.0000000,4
1785,127,4628,2016-08-17,05:02:00.0000000,3
1786,79,3320,2016-05-08,13:16:00.0000000,4
1787,109,3752,2017-07-01,14:22:00.0000000,2
1788,99,4679,2016-10-29,08:08:00.0000000,3
1790,71,1472,2016-01-04,17:31:00.0000000,2
1791,74,2011,2016-01-07,13:16:00.0000000,2
1792,150,1139,2016-01-09,10:14:00.0000000,2
1793,160,4161,2016-05-08,05:00:00.0000000,2
1794,102,1178,2017-10-13,12:19:00.0000000,1
1795,40,686,2016-05-23,07:04:00.0000000,3
1796,18,4512,2017-09-23,14:23:00.0000000,1
1797,96,4743,2016-08-08,05:02:00.0000000,1
1798,178,1848,2016-01-08,15:26:00.0000000,2
1799,45,3203,2017-06-08,12:17:00.0000000,4
1800,8,4676,2017-01-04,09:10:00.0000000,3
1801,34,3759,2016-06-11,06:04:00.0000000,2
1802,37,1403,2016-01-02,10:13:00.0000000,1
1803,44,2887,2017-12-03,05:00:00.0000000,1
1804,12,1251,2016-11-10,08:09:00.0000000,2
1806,37,4592,2016-01-01,09:12:00.0000000,2
1807,57,1267,2016-01-03,14:21:00.0000000,3
1808,194,836,2017-03-21,09:11:00.0000000,4
1809,141,2203,2016-01-05,09:10:00.0000000,1
1810,154,383,2016-02-15,05:01:00.0000000,4
1811,34,2722,2017-06-03,16:25:00.0000000,2
1812,175,479,2016-04-07,11:18:00.0000000,4
1814,36,3014,2016-08-10,09:12:00.0000000,1
1815,83,1977,2017-10-09,14:23:00.0000000,3
1816,145,2295,2017-06-05,08:09:00.0000000,4
1817,110,3510,2016-09-01,12:15:00.0000000,4
1818,192,1272,2016-09-19,14:19:00.0000000,2
1819,93,2192,2016-01-17,14:19:00.0000000,4
1820,196,1957,2017-12-01,12:21:00.0000000,3
1821,85,1866,2017-10-10,14:23:00.0000000,3
1822,73,1787,2016-12-27,10:13:00.0000000,4
1823,184,1750,2017-01-26,07:06:00.0000000,2
1824,112,1379,2017-05-02,09:12:00.0000000,1
1825,113,2922,2017-01-18,13:17:00.0000000,3
1826,181,4515,2016-01-06,10:12:00.0000000,4
1827,24,399,2016-04-02,05:01:00.0000000,4
1829,96,4905,2016-04-21,10:11:00.0000000,1
1830,4,1138,2016-10-21,10:12:00.0000000,2
1831,59,3045,2017-04-27,15:24:00.0000000,1
1832,97,3050,2017-04-13,09:12:00.0000000,1
1833,185,4681,2017-12-24,12:21:00.0000000,1
1834,14,3047,2016-07-12,10:16:00.0000000,4
1835,115,4836,2016-05-07,06:05:00.0000000,4
1836,92,1665,2016-01-04,16:28:00.0000000,4
1838,12,232,2016-02-07,15:22:00.0000000,4
1839,152,1711,2016-04-14,11:19:00.0000000,3
1840,148,441,2016-07-14,09:10:00.0000000,4
1841,2,2012,2016-01-07,18:32:00.0000000,3
1842,141,3358,2016-08-28,08:07:00.0000000,3
1843,136,3467,2016-10-20,06:04:00.0000000,1
1844,152,4625,2016-07-05,11:13:00.0000000,4
1845,101,1594,2017-09-02,07:04:00.0000000,3
1846,29,4218,2016-06-22,05:01:00.0000000,3
1847,65,1286,2017-01-10,07:06:00.0000000,4
1848,136,2183,2016-01-09,10:13:00.0000000,2
1849,68,4361,2016-02-11,12:15:00.0000000,3
1850,185,2071,2017-06-04,12:17:00.0000000,4
1851,156,1806,2016-01-08,12:15:00.0000000,3
1853,62,1716,2017-07-29,10:17:00.0000000,1
1854,23,136,2016-01-24,06:03:00.0000000,2
1855,3,4490,2016-12-27,06:05:00.0000000,1
1856,8,3530,2016-05-31,13:17:00.0000000,3
1857,172,3860,2016-01-22,12:18:00.0000000,4
1858,152,2090,2016-10-24,08:08:00.0000000,3
1859,36,2473,2016-01-02,11:16:00.0000000,1
1860,31,963,2016-02-23,15:24:00.0000000,1
1861,76,1723,2016-02-15,07:08:00.0000000,3
1863,71,1456,2016-01-01,13:22:00.0000000,1
1864,96,4398,2016-01-03,15:24:00.0000000,3
1866,65,4191,2016-08-07,09:10:00.0000000,4
1867,64,594,2016-01-05,13:23:00.0000000,1
1868,146,2183,2016-01-06,15:27:00.0000000,4
1869,123,3965,2017-02-12,15:22:00.0000000,2
1870,144,1046,2017-07-13,16:27:00.0000000,2
1871,99,3302,2016-05-30,07:06:00.0000000,3
1872,1,114,2016-01-04,12:17:00.0000000,3
1873,103,3520,2016-01-07,17:28:00.0000000,1
1874,71,2894,2016-01-09,08:07:00.0000000,1
1875,172,974,2016-04-04,08:07:00.0000000,4
1876,55,975,2017-09-28,10:15:00.0000000,1
1877,3,2000,2016-01-08,15:25:00.0000000,2
1878,58,248,2016-09-01,06:03:00.0000000,1
1879,161,2172,2017-05-22,14:21:00.0000000,4
1880,28,309,2016-01-02,15:26:00.0000000,4
1881,61,1617,2016-01-01,09:12:00.0000000,3
1882,107,3283,2016-10-22,08:08:00.0000000,4
1883,39,3954,2016-01-04,07:06:00.0000000,4
1884,18,3247,2017-02-16,11:15:00.0000000,1
1885,91,3727,2016-01-03,19:34:00.0000000,2
1886,16,3956,2016-01-05,12:20:00.0000000,4
1887,194,3463,2017-04-03,15:24:00.0000000,3
1888,48,3173,2016-01-06,13:21:00.0000000,1
1889,154,4489,2016-01-04,13:20:00.0000000,3
1890,7,621,2016-01-07,15:22:00.0000000,3
1891,67,354,2016-09-08,12:15:00.0000000,2
1892,8,3022,2016-10-04,14:19:00.0000000,2
1893,50,2956,2016-12-22,10:13:00.0000000,2
1894,9,868,2017-05-29,10:13:00.0000000,3
1896,133,3429,2016-06-27,07:04:00.0000000,4
1897,31,340,2016-04-07,14:23:00.0000000,4
1898,92,2679,2016-01-09,09:11:00.0000000,4
1899,95,2006,2016-10-03,08:07:00.0000000,3
1901,160,4630,2016-02-13,09:11:00.0000000,3
1902,98,271,2016-12-30,05:00:00.0000000,2
1903,74,2310,2016-11-20,09:13:00.0000000,2
1904,131,2893,2016-01-08,13:18:00.0000000,1
1905,92,3194,2016-07-26,07:06:00.0000000,1
1906,74,2735,2016-06-16,05:01:00.0000000,2
1908,108,318,2017-09-14,16:27:00.0000000,4
1909,90,3357,2016-06-07,07:05:00.0000000,1
1910,96,1959,2016-06-21,07:07:00.0000000,1
1911,76,3410,2017-08-03,10:15:00.0000000,3
1912,21,3934,2016-02-01,08:08:00.0000000,1
1913,57,2422,2016-01-02,11:16:00.0000000,3
1914,73,1233,2016-06-29,05:01:00.0000000,1
1915,135,785,2017-06-02,16:25:00.0000000,3
1917,149,788,2016-03-25,12:17:00.0000000,3
1919,1,1836,2016-09-28,11:18:00.0000000,2
1920,116,1425,2016-08-23,08:07:00.0000000,2
1921,165,1743,2016-04-09,05:00:00.0000000,2
1922,125,3638,2016-04-14,07:06:00.0000000,1
1923,126,3009,2016-01-31,06:03:00.0000000,4
1925,31,151,2016-01-01,10:15:00.0000000,2
1926,100,388,2017-03-06,07:07:00.0000000,1
1927,151,547,2016-01-19,11:14:00.0000000,1
1928,12,737,2016-08-16,11:14:00.0000000,2
1929,19,3111,2017-01-12,13:18:00.0000000,3
1930,178,718,2017-05-13,16:25:00.0000000,4
1931,67,1088,2017-04-07,07:04:00.0000000,1
1932,83,528,2017-05-01,15:24:00.0000000,2
1933,167,2575,2016-01-03,15:24:00.0000000,1
1934,112,949,2016-10-11,08:08:00.0000000,2
1935,11,4535,2016-01-05,08:09:00.0000000,4
1936,185,4439,2016-05-31,09:09:00.0000000,2
1937,168,3255,2016-05-01,11:12:00.0000000,2
1938,47,2561,2017-04-29,09:12:00.0000000,2
1939,118,1353,2016-01-06,11:14:00.0000000,3
1941,74,132,2017-12-01,14:25:00.0000000,3
1942,6,183,2017-01-10,11:18:00.0000000,4
1943,63,4178,2017-03-08,13:19:00.0000000,3
1944,107,3621,2016-12-27,08:09:00.0000000,4
1945,133,4495,2016-03-25,10:15:00.0000000,3
1946,164,3540,2016-07-04,09:09:00.0000000,4
1947,72,1495,2016-05-23,07:04:00.0000000,4
1948,140,517,2016-01-04,17:30:00.0000000,2
1951,59,4680,2016-01-07,14:19:00.0000000,1
1952,43,2751,2016-04-18,08:10:00.0000000,3
1953,175,4762,2016-01-09,07:05:00.0000000,1
1954,5,679,2016-02-16,10:16:00.0000000,4
1955,37,4962,2016-01-08,16:29:00.0000000,1
1956,56,75,2016-01-02,12:19:00.0000000,4
1957,92,486,2016-01-01,09:12:00.0000000,2
1958,107,1272,2016-01-03,16:27:00.0000000,2
1959,82,1382,2016-01-05,09:12:00.0000000,2
1960,8,3000,2016-07-11,09:10:00.0000000,1
1961,94,3641,2016-01-06,15:27:00.0000000,4
1962,22,1043,2017-10-04,07:04:00.0000000,3
1963,2,732,2016-01-04,13:20:00.0000000,4
1964,174,1836,2016-01-07,16:27:00.0000000,3
1965,38,3394,2016-01-07,13:20:00.0000000,1
1966,68,1576,2017-04-07,07:08:00.0000000,3
1967,16,3375,2016-01-09,07:05:00.0000000,3
1968,23,3542,2016-04-21,05:00:00.0000000,3
1969,38,3402,2016-01-08,14:21:00.0000000,4
1970,144,2963,2016-06-14,07:05:00.0000000,2
1971,137,2289,2016-01-02,11:16:00.0000000,4
1972,92,4115,2016-03-27,13:20:00.0000000,3
1973,61,51,2016-03-15,11:17:00.0000000,4
1974,197,1908,2016-03-09,09:13:00.0000000,4
1975,148,3083,2016-01-01,09:12:00.0000000,3
1976,87,3624,2017-08-08,09:13:00.0000000,2
1977,87,3290,2016-01-31,06:05:00.0000000,3
1978,54,149,2017-04-27,07:08:00.0000000,1
1979,19,2438,2017-09-07,09:14:00.0000000,3
1980,42,4364,2017-05-24,14:21:00.0000000,3
1981,181,4647,2016-01-24,13:16:00.0000000,3
1982,112,437,2016-10-29,10:12:00.0000000,4
1983,1,1366,2016-11-19,08:09:00.0000000,4
1984,88,1421,2016-01-03,15:24:00.0000000,1
1985,108,3466,2016-06-30,09:09:00.0000000,4
1986,160,2517,2016-04-26,19:35:00.0000000,4
1987,66,4608,2016-01-05,13:22:00.0000000,2
1989,24,1079,2016-10-15,05:00:00.0000000,1
1990,16,412,2017-09-19,14:23:00.0000000,3
1991,11,691,2017-01-28,13:18:00.0000000,4
1992,93,4361,2016-01-06,14:24:00.0000000,3
1993,130,131,2016-12-21,06:05:00.0000000,1
1994,128,1367,2016-02-03,12:17:00.0000000,3
1995,11,1918,2017-06-05,12:17:00.0000000,2
1996,10,2738,2017-04-29,10:17:00.0000000,3
1997,1,595,2017-01-02,11:14:00.0000000,3
1998,148,2674,2017-02-25,07:04:00.0000000,2
2000,1,2308,2016-08-12,05:02:00.0000000,4
